Violet,9000716482,670 S 342,ANDHRA,rollnumber
Halee,9000716483,73 W Wall St,TELANGANA,131101
Grace,9000716484,680 W Church St,UP,131102
Cecilia,9000716485,17 Bus 283,GUJARAT,131103
Blythe,9000716486,112 N Cleveland St,ORISA,131104
Charde,9000716487,741 Fredericksburg Rd,BANGLORE,131105
Hayfa,9000716488,81 13th St,BIHAR,131106
Imani,9000716489,932 State Hwy 222,DELHI,131107
Cassady,9000716490,22 Hwy 36,TAMILNADU,131109
Kerry,9000716491,17 Southwest Blvd,KERALA,131110
Brynne,9000716492,978 E 1st St,ASSAM,131112
Kelsey,9000716493,9485 US Hwy 90A W,JAIPUR,131113
Tara,9000716494,8715 S Travis St,ANDHRA,131114
Lynn,9000716495,9646 N Loop Fwy,TELANGANA,131115
Alana,9000716496,5600 Mc Kay St,UP,131116
Sonia,9000716497,182 East Rd,GUJARAT,131117
Tanya,9000716498,824 13th St,ORISA,131118
Idona,9000716499,4400 Shelbyville St,BANGLORE,131119
Deirdre,9000716500,733 143,BIHAR,131120
Naomi,9000716501,7590 State Hwy 123 Bus,DELHI,131121
Deirdre,9000716502,9120 N Zapata Hwy,TAMILNADU,131123
Regina,9000716503,30 Juniper St,KERALA,131124
Nomlanga,9000716504,22058 Chandler Rd,ASSAM,131125
Zelda,9000716505,59 N Parmele St,JAIPUR,131126
Ursa,9000716506,782 Oyster Creek Dr,ANDHRA,131127
Kiayada,9000716507,767 SW 1st St,TELANGANA,131128
Nicole,9000716508,9453 S Storts St,UP,131130
Xaviera,9000716509,90162 N Rice St,GUJARAT,131131
Zelenia,9000716510,99 SE 8th St,ORISA,131132
Phoebe,9000716511,610 Farm Rd 784,BANGLORE,131133
Shay,9000716512,87 Bailey Ave,BIHAR,131134
Shaeleigh,9000716513,6098 State Hwy 34,DELHI,131135
Idona,9000716514,72145 S Greer Blvd,TAMILNADU,131136
Neve,9000716515,12985 Probandt St,KERALA,131137
Ciara,9000716516,933 S Columbia Dr,ASSAM,131138
Laurel,9000716517,90 96 N,JAIPUR,131141
Ignacia,9000716518,12566 W Mansfield Hwy,ANDHRA,131143
Aphrodite,9000716519,6856 Glen Rose Rd,TELANGANA,131145
Gay,9000716520,90745 E Gravis Ave,UP,131146
Ruth,9000716521,39907 N Hwy 360,GUJARAT,131147
Indira,9000716522,3548 State Hwy 204,ORISA,131148
Rinah,9000716523,8480 W Goliad Ave,BANGLORE,131153
Eve,9000716524,8966 Ranch Rd 55,BIHAR,131154
Nicole,9000716525,578 S Green St,DELHI,131203
Freya,9000716526,91 N Broadway,TAMILNADU,131204
Cara,9000716527,24200 State Hwy 78G Bus,KERALA,131205
Rana,9000716528,98 State Spur 84,ASSAM,131206
Anika,9000716529,644 Lake St,JAIPUR,131207
Avye,9000716530,43 State Loop 171,ANDHRA,131208
Robin,9000716531,3830 I- 35W,TELANGANA,131209
Astra,9000716532,3174 Poly North Fwy,UP,131210
Freya,9000716533,29292 Loop 332,GUJARAT,131212
Sacha,9000716534,30430 N US Hwy 277,ORISA,131213
Madonna,9000716535,3964 FM 170,BANGLORE,131214
Noelle,9000716536,30 W Bandera Rd,BIHAR,131215
Kay,9000716537,17789 E Hwy 85,DELHI,131217
Pearl,9000716538,612 N Perry St,TAMILNADU,131220
Genevieve,9000716539,310 US Hwy 70,KERALA,131221
Madonna,9000716540,63 Hwy 6 Byp,ASSAM,131222
Eden,9000716541,77 S Graham Ave,JAIPUR,131223
Anne,9000716542,256 E Navarro St,ANDHRA,131225
Rana,9000716543,70059 State Hwy 71 W,TELANGANA,131226
Calista,9000716544,15 E Blackjack St,UP,131227
Yoko,9000716545,51 Arp Dr,GUJARAT,131228
Summer,9000716546,7024 Old Fechner,ORISA,131229
Karen,9000716547,97571 S Nueces St,BANGLORE,131230
Giselle,9000716548,602 W Loop Fwy,BIHAR,131231
Reagan,9000716549,2613 59-Hov,DELHI,131232
Naida,9000716550,764 S Bridge St,TAMILNADU,131234
Jordan,9000716551,131 Chandler Rd,KERALA,131235
Medge,9000716552,3968 Frisco St,ASSAM,131237
Celeste,9000716553,29226 N Williams St,JAIPUR,131238
Melissa,9000716554,13978 State Loop 398,ANDHRA,131239
Madeline,9000716555,510 State Hwy 305,TELANGANA,131242
Jena,9000716556,33054 NW H K Dodgen Loop,UP,131243
Lee,9000716557,180 State Hwy 61,GUJARAT,131244
Cora,9000716558,24 US Hwy 69D Bus,ORISA,131245
Scarlett,9000716559,111 Larado St,BANGLORE,131247
Phyllis,9000716560,32218 W Tom Landry St,BIHAR,131248
Alma,9000716561,25186 Main Hwy,DELHI,131249
Brielle,9000716562,19 Maple St,TAMILNADU,131250
Melinda,9000716563,5776 N State Hwy 19,KERALA,131251
Petra,9000716564,88 E Wise St,ASSAM,131253
Shelly,9000716565,1547 Sealy Ave,JAIPUR,131301
Kylynn,9000716566,22 State Loop 14,ANDHRA,131304
Zia,9000716567,59 Savannah Ave,TELANGANA,131309
Lee,9000716568,7409 State Hwy 224,UP,131311
Patience,9000716569,4734 Gaston Ave,GUJARAT,131312
Dakota,9000716570,79521 Ave J,ORISA,131313
Lisandra,9000716571,63486 I- 20J Bus,BANGLORE,131314
Shay,9000716572,79 S Georgia St,BIHAR,131318
Sigourney,9000716573,700 E Northwest Hwy,DELHI,131321
Zenia,9000716574,669 S Church,TAMILNADU,131322
Galena,9000716575,624 Roland Ave,KERALA,131323
Margaret,9000716576,22705 W 3rd St,ASSAM,131326
Nerea,9000716577,423 S Berry St,JAIPUR,131327
Tanya,9000716578,43 FM 196,ANDHRA,131328
Kendall,9000716579,47175 W Loop 543,TELANGANA,131330
Rose,9000716580,33 W Loop Rd,UP,131332
Erin,9000716581,92 Jefferson Davis Hwy,GUJARAT,131333
Violet,9000716582,60447 E Hwy 85,ORISA,131334
Halee,9000716583,2781 N May St,BANGLORE,131335
Grace,9000716584,645 I- 610,BIHAR,131336
Cecilia,9000716585,702 W Sinton St,DELHI,131337
Blythe,9000716586,9846 Hwy Blvd,TAMILNADU,131338
Charde,9000716587,85643 State Hwy 21,KERALA,131340
Hayfa,9000716588,41848 State Loop 133,ASSAM,131341
Imani,9000716589,8456 N Hill St,JAIPUR,131342
Cassady,9000716590,6588 S Bickley Ave,ANDHRA,131343
Kerry,9000716591,47890 Broadway Rear St,TELANGANA,131344
Brynne,9000716592,7006 Shenandoah Park Dr,UP,131345
Kelsey,9000716593,33648 N 4th St,GUJARAT,131346
Tara,9000716594,62 US Hwy 67,ORISA,131348
Lynn,9000716595,244 W Wilson St,BANGLORE,131350
Alana,9000716596,41 W State Hwy 85,BIHAR,131352
Sonia,9000716597,498 N Beckley St,DELHI,131353
Tanya,9000716598,81404 Hempstead Hwy,TAMILNADU,131402
Idona,9000716599,7531 Dustin,KERALA,131404
Deirdre,9000716600,1920 N Akard St,ASSAM,131405
Naomi,9000716601,27 Ave C,JAIPUR,131406
Deirdre,9000716602,38 Ranch Rd 1731,ANDHRA,131407
Regina,9000716603,83 NW 1st St,TELANGANA,131408
Nomlanga,9000716604,904 Paseo Encinals Dr N,UP,131409
Zelda,9000716605,97 Ellis St,GUJARAT,131410
Ursa,9000716606,93 E Ave E,ORISA,131411
Kiayada,9000716607,92980 S John Redditt Dr,BANGLORE,131413
Nicole,9000716608,76 E 14th St,BIHAR,131415
Xaviera,9000716609,672 Puros Neqocios,DELHI,131417
Zelenia,9000716610,4550 US Hwy 83 S,TAMILNADU,131418
Phoebe,9000716611,54051 SW H K Dodgen Lp,KERALA,131419
Shay,9000716612,83 FM 2123,ASSAM,131421
Shaeleigh,9000716613,14 State Hwy 350,JAIPUR,131422
Idona,9000716614,53 N San Patricio Ave,ANDHRA,131423
Neve,9000716615,6209 N State Hwy 288,TELANGANA,131425
Ciara,9000716616,26 E Jackson St,UP,131426
Laurel,9000716617,726 Hwy 1765,GUJARAT,131427
Ignacia,9000716618,693 W Hwy 71,ORISA,131428
Aphrodite,9000716619,545 Floydada Ave,BANGLORE,131429
Gay,9000716620,7322 Creek Road 430,BIHAR,131432
Ruth,9000716621,3705 S Georgia,DELHI,131433
Indira,9000716622,8713 N State Hwy 5,TAMILNADU,131435
Rinah,9000716623,14 Summit Ave,KERALA,131437
Eve,9000716624,872 Redwater Blvd E,ASSAM,131438
Nicole,9000716625,43 S Loop 281,JAIPUR,131441
Freya,9000716626,587 State Spur 241,ANDHRA,131443
Cara,9000716627,17 N Cockrell St,TELANGANA,131445
Rana,9000716628,32 S Brazosport Blvd,UP,131447
Anika,9000716629,36 S Austin Ave,GUJARAT,131448
Avye,9000716630,239 Franklin Ave,ORISA,131449
Robin,9000716631,15 State Hwy 46C Bus,BANGLORE,131451
Astra,9000716632,42 Hwy 288B,BIHAR,131452
Freya,9000716633,4922 St Francis Ave,DELHI,132108
Sacha,9000716634,914 Wallis Ave,TAMILNADU,132218
Madonna,9000716635,485 E Sarah Dewitt Dr,KERALA,132241
Noelle,9000716636,7320 Thigpen St,ASSAM,132302
Kay,9000716637,33618 State Rte 185,JAIPUR,132305
Pearl,9000716638,43 E Blackjack St,ANDHRA,132324
Genevieve,9000716639,38 N Vermillion Rd,TELANGANA,132329
Madonna,9000716640,26322 State Hwy 165,UP,132339
Eden,9000716641,385 US Hwy 281 Bus,GUJARAT,132401
Anne,9000716642,56 N Hwy 137,ORISA,132412
Rana,9000716643,61 W Loop 254,BANGLORE,132414
Calista,9000716644,7666 I- 10C Bus,BIHAR,132416
Yoko,9000716645,5679 FM 153,DELHI,132431
Summer,9000716646,98568 FM 2123,TAMILNADU,133111
Karen,9000716647,51 Main Ave,KERALA,133122
Giselle,9000716648,2391 US Hwy 181 N,ASSAM,133129
Reagan,9000716649,949 S Divide,JAIPUR,133139
Naida,9000716650,597 E Church St,ANDHRA,133140
Jordan,9000716651,31 N Martin Luther King,TELANGANA,133142
Medge,9000716652,23382 Ss 248 E,UP,133144
Celeste,9000716653,35204 N Ave B,GUJARAT,133149
Melissa,9000716654,792 N State Hwy 87,ORISA,133150
Madeline,9000716655,85158 Wills Way,BANGLORE,133151
Jena,9000716656,963 Texas St,BIHAR,133152
Lee,9000716657,43 FM 466,DELHI,133202
Cora,9000716658,41516 W Cartwright Rd,TAMILNADU,133211
Scarlett,9000716659,865 S Depot Rd,KERALA,133216
Phyllis,9000716660,584 Harper St,ASSAM,133219
Alma,9000716661,6057 N 16th St,JAIPUR,133224
Brielle,9000716662,866 N Spur 63,ANDHRA,133233
Melinda,9000716663,53 Commerce Dr,TELANGANA,133236
Petra,9000716664,53045 N Commerce St,UP,133240
Shelly,9000716665,193 S Dr E E Dunlap Hwy,GUJARAT,133246
Kylynn,9000716666,3607 S Jefferson Ave,ORISA,133252
Zia,9000716667,78208 State Hwy 26,BANGLORE,133303
Lee,9000716668,51 US Hwy 281 S,BIHAR,133306
Patience,9000716669,7326 John King Blvd,DELHI,133307
Dakota,9000716670,44195 S Velasco St,TAMILNADU,133308
Lisandra,9000716671,68091 E First St,KERALA,133310
Shay,9000716672,2958 N Trade Days Blvd,ASSAM,133315
Sigourney,9000716673,971 Williams St,JAIPUR,133316
Zenia,9000716674,55749 State Spur 278,ANDHRA,133317
Galena,9000716675,6884 S State St,TELANGANA,133319
Margaret,9000716676,2574 Fisher Ave E,UP,133320
Nerea,9000716677,64 FM 1174,GUJARAT,133325
Tanya,9000716678,16 N 16th St,ORISA,133331
Kendall,9000716679,191 E Frank Ave,BANGLORE,133347
Rose,9000716680,25711 Hwy 271,BIHAR,133349
Erin,9000716681,93526 Ave C,DELHI,133351
Violet,9000716682,30788 Hurst St,TAMILNADU,133403
Halee,9000716683,76 Hall St,KERALA,133420
Grace,9000716684,4707 US Hwy 175,ASSAM,133424
Cecilia,9000716685,97745 US Hwy 69 N,JAIPUR,133430
Blythe,9000716686,14 Baker Hurst Blvd,ANDHRA,133434
Charde,9000716687,14 E Nelson St,TELANGANA,133436
Hayfa,9000716688,3995 State Loop 490,UP,133439
Imani,9000716689,97596 Powderhorn Rd,GUJARAT,133440
Cassady,9000716690,64745 FM 1745,ORISA,133442
Kerry,9000716691,8799 Lamar Ave,BANGLORE,133444
Brynne,9000716692,5110 S Soncy Rd,BIHAR,133446
Kelsey,9000716693,2861 N Business Ih 35,DELHI,133450
Tara,9000716694,5382 Cleveland Blvd,TAMILNADU,11101
Lynn,9000716695,610 N Perry St,KERALA,11102
Alana,9000716696,45512 State Spur 63,ASSAM,11103
Sonia,9000716697,22 E Lake Dr,JAIPUR,11104
Tanya,9000716698,15 S Day St,ANDHRA,11105
Idona,9000716699,301 Sycamore St,TELANGANA,11106
Deirdre,9000716700,96 N Koenigheim St,UP,11107
Naomi,9000716701,375 SW H K Dodgen Lp,GUJARAT,11108
Deirdre,9000716702,271 S Red River Expy,ORISA,11109
Regina,9000716703,53073 W Oklahoma Ave,BANGLORE,11110
Nomlanga,9000716704,573 Ranch Rd 608,BIHAR,11111
Zelda,9000716705,2045 N Houston Ave,DELHI,11112
Ursa,9000716706,89014 Laredo St,TAMILNADU,11113
Kiayada,9000716707,39022 E State Hwy 97,KERALA,11114
Nicole,9000716708,3378 Ranch Rd 475,ASSAM,11115
Xaviera,9000716709,989 N Carroll St,JAIPUR,11116
Zelenia,9000716710,90 Neals Fwy,ANDHRA,11117
Phoebe,9000716711,617 Colleyville Blvd,TELANGANA,11118
Shay,9000716712,492 E San Antonio St,UP,11120
Shaeleigh,9000716713,56 N Sunset Strip St,GUJARAT,11121
Idona,9000716714,5949 Elkhart Rd,ORISA,11122
Neve,9000716715,59867 Ranch Rd 1121,BANGLORE,11123
Ciara,9000716716,68 FM 916,BIHAR,11124
Laurel,9000716717,28 W McHarg St,DELHI,11125
Ignacia,9000716718,559 FM 973,TAMILNADU,11126
Aphrodite,9000716719,79 Santa Rosa Dr,KERALA,11127
Gay,9000716720,197 E I- 30,ASSAM,11128
Ruth,9000716721,41 US Hwy 283 N,JAIPUR,11129
Indira,9000716722,49 W Levee Rd,ANDHRA,11130
Rinah,9000716723,84 State Hwy 41,TELANGANA,11131
Eve,9000716724,640 E Hearne Ave,UP,11132
Nicole,9000716725,485 State Hwy 146 N,GUJARAT,11133
Freya,9000716726,12 Interstate Hwy 20 E,ORISA,11134
Cara,9000716727,67 State Spur 76,BANGLORE,11135
Rana,9000716728,89674 N W E Crawford Ave,BIHAR,11136
Anika,9000716729,4317 State Loop 426,DELHI,11137
Avye,9000716730,68419 I- 635 H O V,TAMILNADU,11138
Robin,9000716731,482 E US Hwy 70,KERALA,11139
Astra,9000716732,52 Boy St,ASSAM,11140
Freya,9000716733,61530 E State Loop 543,JAIPUR,11141
Sacha,9000716734,937 Sabine St,ANDHRA,11142
Madonna,9000716735,2933 State Loop 332,TELANGANA,11143
Noelle,9000716736,593 E Blackjack St,UP,11145
Kay,9000716737,7553 State Loop 264,GUJARAT,11146
Pearl,9000716738,485 E Loop 820 N,ORISA,11147
Genevieve,9000716739,28 Commercial Ave,BANGLORE,11148
Madonna,9000716740,33 N Business Ih 35,BIHAR,11149
Eden,9000716741,227 State Hwy 46 E,DELHI,11150
Anne,9000716742,54283 E Hwy 90,TAMILNADU,11151
Rana,9000716743,84 Robert B Cullum Blvd,KERALA,11152
Calista,9000716744,3554 Divide,ASSAM,11153
Yoko,9000716745,53828 Junction Hwy,JAIPUR,11154
Summer,9000716746,30 D H Abernathy Blvd,ANDHRA,11155
Karen,9000716747,265 NE 4th St,TELANGANA,11156
Giselle,9000716748,554 Speed Ave,UP,11157
Reagan,9000716749,25701 Fritch Hwy,GUJARAT,11158
Naida,9000716750,207 Texas Ave S,ORISA,11159
Jordan,9000716751,7048 Jim Wright Fwy NE,BANGLORE,11160
Medge,9000716752,557 Bear Dr,BIHAR,11161
Celeste,9000716753,398 State Hwy 125,DELHI,11162
Melissa,9000716754,94150 FM 148,TAMILNADU,11163
Madeline,9000716755,24 Sanderson Hwy,KERALA,11165
Jena,9000716756,304 Mesquite St,ASSAM,11166
Lee,9000716757,90290 N Crawford,JAIPUR,11167
Cora,9000716758,631 S 10th Ave,ANDHRA,11168
Scarlett,9000716759,1230 N 12th St,TELANGANA,11169
Phyllis,9000716760,87361 Van Hwy,UP,11170
Alma,9000716761,889 Dill St,GUJARAT,11171
Brielle,9000716762,30 FM 1845 S,ORISA,11172
Melinda,9000716763,469 W State Hwy 7,BANGLORE,11201
Petra,9000716764,601 W Broadway Ave,BIHAR,11202
Shelly,9000716765,74935 FM 959,DELHI,11203
Kylynn,9000716766,118 Ranch Rd 187,TAMILNADU,11204
Zia,9000716767,71 E S Lp,KERALA,11205
Lee,9000716768,4056 S 342,ASSAM,11206
Patience,9000716769,45752 W Calvert Ave,JAIPUR,11207
Dakota,9000716770,627 Colorado Dr,ANDHRA,11208
Lisandra,9000716771,63 Primrose Rd,TELANGANA,11210
Shay,9000716772,777 Hwy 6 Byp,UP,11211
Sigourney,9000716773,40922 Southview Ln,GUJARAT,11213
Zenia,9000716774,9756 Hwy,ORISA,11214
Galena,9000716775,297 N Hwy 181,BANGLORE,11215
Margaret,9000716776,8628 E Santa Rosa,BIHAR,11216
Nerea,9000716777,915 State Spur 529,DELHI,11217
Tanya,9000716778,29166 Wharton Weems Blvd,TAMILNADU,11218
Kendall,9000716779,720 FM 973,KERALA,11219
Rose,9000716780,24 State Hwy 44 W,ASSAM,11220
Erin,9000716781,42 FM 35,JAIPUR,11221
Violet,9000716782,34 State Hwy 28,ANDHRA,11222
Halee,9000716783,74 Hwy 3 N,TELANGANA,11223
Grace,9000716784,10866 State Spur 36,UP,11224
Cecilia,9000716785,1986 E Chambers St,GUJARAT,11225
Blythe,9000716786,32 Longhorn Dr,ORISA,11226
Charde,9000716787,3751 S Front St,BANGLORE,11227
Hayfa,9000716788,8324 San Antonio Hwy,BIHAR,11228
Imani,9000716789,442 W Rio Grande St,DELHI,11229
Cassady,9000716790,99 S State Hwy 208,TAMILNADU,11230
Kerry,9000716791,743 Crosstown Fwy,KERALA,11231
Brynne,9000716792,6126 Goliad Ave,ASSAM,11232
Kelsey,9000716793,5553 NE 4th St,JAIPUR,11233
Tara,9000716794,7572 State Hwy 164,ANDHRA,11234
Lynn,9000716795,90 State Loop 238,TELANGANA,11235
Alana,9000716796,7576 Waelder Rd,UP,11237
Sonia,9000716797,186 Hwy 102,GUJARAT,11238
Tanya,9000716798,728 Martin Luther King F,ORISA,11239
Idona,9000716799,175 FM 1731,BANGLORE,11240
Deirdre,9000716800,80925 Luther St,BIHAR,11241
Naomi,9000716801,12 N US Hwy 271,DELHI,11242
Deirdre,9000716802,13216 State Loop 133,TAMILNADU,11243
Regina,9000716803,9371 Adams St,KERALA,11244
Nomlanga,9000716804,32421 Brookhaven,ASSAM,11245
Zelda,9000716805,44 US Hwy Bus 271,JAIPUR,11246
Ursa,9000716806,3248 State Loop 570,ANDHRA,11247
Kiayada,9000716807,96433 23rd St,TELANGANA,11248
Nicole,9000716808,6983 S Buffalo Ave,UP,11250
Xaviera,9000716809,18 State Spur 407,GUJARAT,11251
Zelenia,9000716810,23364 W First St,ORISA,11252
Phoebe,9000716811,576 US Hwy 69 N,BANGLORE,11253
Shay,9000716812,5686 Lone Star Pkwy N,BIHAR,11255
Shaeleigh,9000716813,42963 FM 1271,DELHI,11258
Idona,9000716814,90 S US Hwy 87,TAMILNADU,11259
Neve,9000716815,60550 Lockhart Hwy,KERALA,11304
Ciara,9000716816,851 Luther St,ASSAM,11305
Laurel,9000716817,81 Joe Battle Blvd,JAIPUR,11307
Ignacia,9000716818,73 I- 410,ANDHRA,11308
Aphrodite,9000716819,666 N McDonald St,TELANGANA,11309
Gay,9000716820,3425 State Loop 346,UP,11303
Ruth,9000716821,43 State Hwy 154 W,GUJARAT,11310
Indira,9000716822,4195 State Spur 312,ORISA,11311
Rinah,9000716823,7166 S US Hwy 69,BANGLORE,10133
Eve,9000716824,87098 Bensdale Rd,BIHAR,10339
Nicole,9000716825,178 E 9th St,DELHI,11312
Freya,9000716826,13923 E Hwy 82,TAMILNADU,11302
Cara,9000716827,27 N Zapata Hwy,KERALA,11306
Rana,9000716828,852 Preston Rd,ASSAM,11249
Anika,9000716829,7481 East Ave,JAIPUR,11254
Avye,9000716830,13 Storey Ln,ANDHRA,11301
Robin,9000716831,9988 N Wayside Dr,TELANGANA,11119
Astra,9000716832,589 E Hamilton St,UP,11144
Freya,9000716833,29 S Hw 36,GUJARAT,11260
Sacha,9000716834,925 Paris Rd,ORISA,11313
Madonna,9000716835,8650 Padre Island Dr Brg,BANGLORE,11314
Noelle,9000716836,6287 FM 2360,BIHAR,11315
Kay,9000716837,36 FM 902,DELHI,11164
Pearl,9000716838,68 W Wilks St,TAMILNADU,11173
Genevieve,9000716839,47 W Fairwinds St,KERALA,11209
Madonna,9000716840,10 Short St,ASSAM,9101
Eden,9000716841,98 Beltway 8,JAIPUR,9102
Anne,9000716842,934 S US Hwy 385,ANDHRA,9103
Rana,9000716843,132 State Spur 350,TELANGANA,9104
Calista,9000716844,16 N Chaparral St,UP,9105
Yoko,9000716845,68110 N Jefferson Ave,GUJARAT,9106
Summer,9000716846,23 Hwy 377 N,ORISA,9107
Karen,9000716847,891 W US Hwy 380 Bus,BANGLORE,9108
Giselle,9000716848,9771 Texas Spur 406,BIHAR,9109
Reagan,9000716849,41 State Spur 268,DELHI,9110
Naida,9000716850,59227 Van Horn St,TAMILNADU,9111
Jordan,9000716851,3613 NW Loop 338 Naval Ba,KERALA,9112
Medge,9000716852,53078 State Hwy Loop 381,ASSAM,9113
Celeste,9000716853,1566 Airport Blvd,JAIPUR,9114
Melissa,9000716854,766 E Elm St,ANDHRA,9115
Madeline,9000716855,9640 Bus State Hwy 19,TELANGANA,9116
Jena,9000716856,40149 Brazoria Rd,UP,9117
Lee,9000716857,698 S Saginaw Blvd,GUJARAT,9118
Cora,9000716858,6202 Rail Road Ave,ORISA,9119
Scarlett,9000716859,5765 S Highway 358 State ,BANGLORE,9120
Phyllis,9000716860,483 State Hwy 286,BIHAR,9121
Alma,9000716861,542 N Waco St,DELHI,9122
Brielle,9000716862,67655 N Brooks Dr,TAMILNADU,9123
Melinda,9000716863,45 W Oaklawn Rd,KERALA,9124
Petra,9000716864,731 Spr 414,ASSAM,9125
Shelly,9000716865,3367 S US Hwy 385,JAIPUR,9127
Kylynn,9000716866,621 Boykin Dr,ANDHRA,9128
Zia,9000716867,94 N Ellis St,TELANGANA,9129
Lee,9000716868,50591 N Business 45,UP,9130
Patience,9000716869,540 E Larissa St,GUJARAT,9131
Dakota,9000716870,6116 Hanning St,ORISA,9132
Lisandra,9000716871,39 Garland St,BANGLORE,9133
Shay,9000716872,510 N Lamar Blvd,BIHAR,9134
Sigourney,9000716873,30 State Hwy 349,DELHI,9135
Zenia,9000716874,17 Mount Pleasant St,TAMILNADU,9136
Galena,9000716875,938 Hwy 87,KERALA,9137
Margaret,9000716876,555 I- 35E Bus,ASSAM,9138
Nerea,9000716877,5141 N Loop 322,JAIPUR,9139
Tanya,9000716878,117 Palestine St,ANDHRA,9140
Kendall,9000716879,8032 Cagle,TELANGANA,9141
Rose,9000716880,4618 I- 40 Bus,UP,9142
Erin,9000716881,197 State Hwy 121 N,GUJARAT,9143
Violet,9000716882,60214 NE 1st St,ORISA,9144
Halee,9000716883,19834 W Tyler St,BANGLORE,9145
Grace,9000716884,3812 Garden City Hwy,BIHAR,9146
Cecilia,9000716885,7793 FM 499,DELHI,9147
Blythe,9000716886,7777 State Hwy 186,TAMILNADU,9148
Charde,9000716887,35 Rodd Field Rd,KERALA,9149
Hayfa,9000716888,69433 US Hwy 175E Bus,ASSAM,9150
Imani,9000716889,128 Toll 45,JAIPUR,9151
Cassady,9000716890,16281 Ss 45 E,ANDHRA,9152
Kerry,9000716891,43 Expy 83 W,TELANGANA,9153
Brynne,9000716892,59699 N 3rd St,UP,9154
Kelsey,9000716893,6858 Griffin Rd,GUJARAT,9155
Tara,9000716894,2289 Old Henrietta Hwy,ORISA,9156
Lynn,9000716895,38 State Hwy 238,BANGLORE,9157
Alana,9000716896,74 Fords Rd,BIHAR,9158
Sonia,9000716897,46510 Cotulla,DELHI,9159
Tanya,9000716898,87 State Loop 336,TAMILNADU,9160
Idona,9000716899,88227 US Hwy 81D Bus,KERALA,9161
Deirdre,9000716900,7974 S Water St,ASSAM,9201
Naomi,9000716901,96 Doniphan Rd,JAIPUR,9202
Deirdre,9000716902,9606 36th St S,ANDHRA,9203
Regina,9000716903,62598 SW Moody St,TELANGANA,9204
Nomlanga,9000716904,4453 N State Hwy 214,UP,9205
Zelda,9000716905,25 N S Hwy 16,GUJARAT,9206
Ursa,9000716906,27 FM 1937,ORISA,9207
Kiayada,9000716907,18753 Gilmer Rd,BANGLORE,9208
Nicole,9000716908,44099 Linden Hwy,BIHAR,9209
Xaviera,9000716909,83 State Loop 381,DELHI,9210
Zelenia,9000716910,17377 Ranch Rd 209,TAMILNADU,9211
Phoebe,9000716911,2763 W 16th St,KERALA,9212
Shay,9000716912,75725 N Senter Ave,ASSAM,9213
Shaeleigh,9000716913,958 Poplar Ave,JAIPUR,9214
Idona,9000716914,20914 Central Texas Expy,ANDHRA,9215
Neve,9000716915,75098 W 2nd,TELANGANA,9216
Ciara,9000716916,26318 General Hudnell Dr,UP,9217
Laurel,9000716917,71 State Hwy 81 Bus,GUJARAT,9218
Ignacia,9000716918,785 State Loop 491,ORISA,9219
Aphrodite,9000716919,8524 State Spur 326,BANGLORE,9221
Gay,9000716920,50 E State Hwy 36,BIHAR,9222
Ruth,9000716921,8098 N Copia St,DELHI,9223
Indira,9000716922,3273 State Hwy 99,TAMILNADU,9224
Rinah,9000716923,61326 Rock Creek Rd,KERALA,9225
Eve,9000716924,90 State Hwy 1904 E,ASSAM,9226
Nicole,9000716925,231 State Loop 281,JAIPUR,9227
Freya,9000716926,35009 W King Ave,ANDHRA,9228
Cara,9000716927,60157 State Hwy 10,TELANGANA,9229
Rana,9000716928,770 SW 5th St,UP,9230
Anika,9000716929,6515 Autumn Sage Ln,GUJARAT,9231
Avye,9000716930,56 N Houston Ave,ORISA,9232
Robin,9000716931,16 W Ave A,BANGLORE,9233
Astra,9000716932,90962 E Frank Ave,BIHAR,9234
Freya,9000716933,132 E Pioneer Pkwy,DELHI,9235
Sacha,9000716934,17266 State Spur 245,TAMILNADU,9236
Madonna,9000716935,98 288B,KERALA,9237
Noelle,9000716936,3189 S US Hwy 77,ASSAM,9238
Kay,9000716937,82606 Rene la Salle,JAIPUR,9239
Pearl,9000716938,384 N State Hwy 1200,ANDHRA,9240
Genevieve,9000716939,76 N Memorial St,TELANGANA,9241
Madonna,9000716940,8425 S Robinson Dr,UP,9242
Eden,9000716941,16 Chihuahua St,GUJARAT,9243
Anne,9000716942,29481 E 7th St,ORISA,9244
Rana,9000716943,48 State Hwy 186,BANGLORE,9245
Calista,9000716944,159 Gilmer St,BIHAR,9246
Yoko,9000716945,8298 State Loop 221,DELHI,9247
Summer,9000716946,424 N Brooks Dr,TAMILNADU,9248
Karen,9000716947,60262 E Goodnight Ave,KERALA,9249
Giselle,9000716948,40 State Hwy 164,ASSAM,9250
Reagan,9000716949,12510 US Hwy 190,JAIPUR,9251
Naida,9000716950,3074 S Stemmons Fwy,ANDHRA,9252
Jordan,9000716951,648 E McGregor Dr,TELANGANA,9253
Medge,9000716952,44 State Loop 254,UP,9254
Celeste,9000716953,5908 E State Hwy 36,GUJARAT,9255
Melissa,9000716954,4870 FM 417,ORISA,9256
Madeline,9000716955,498 D Rd,BANGLORE,9257
Jena,9000716956,522 World War II Veteran,BIHAR,9258
Lee,9000716957,43043 State Hwy 156,DELHI,9259
Cora,9000716958,1535 S Pearl Expy,TAMILNADU,9261
Scarlett,9000716959,29 Cliffside Rd,KERALA,9262
Phyllis,9000716960,78385 W College St,ASSAM,9021
Alma,9000716961,5362 W 5th St,JAIPUR,8941
Brielle,9000716962,66 Old Fechner,ANDHRA,8821
Melinda,9000716963,1544 Lebanon Rd,TELANGANA,8701
Petra,9000716964,6615 N Area,UP,8581
Shelly,9000716965,18461 Carlos G Parker Blvd,GUJARAT,8461
Kylynn,9000716966,6553 Shoreline Rd,ORISA,8341
Zia,9000716967,67 State Spur 101,BANGLORE,8221
Lee,9000716968,98585 S Depot Rd,BIHAR,8101
Patience,9000716969,76 State Hwy 77,DELHI,7981
Dakota,9000716970,81182 42 N,TAMILNADU,7861
Lisandra,9000716971,48 Spr 325,KERALA,7741
Shay,9000716972,8629 State Hwy 155,ASSAM,7621
Sigourney,9000716973,1090 State Loop 40,JAIPUR,7501
Zenia,9000716974,11 E John W Carpenter F,ANDHRA,7381
Galena,9000716975,56462 Ss 45 E,TELANGANA,7261
Margaret,9000716976,31415 Broadway Ave,UP,7141
Nerea,9000716977,80122 Palestine St,GUJARAT,121101
Tanya,9000716978,62 Gun Barrel Ln,ORISA,121102
Kendall,9000716979,95721 W Princeton Dr,BANGLORE,121104
Rose,9000716980,6204 S Business 289,BIHAR,121106
Erin,9000716981,6283 North St,DELHI,121107
Violet,9000716982,43647 Brownfield Hwy,TAMILNADU,121108
Jackson,9000716983,34581 NW Frwy Acc,KERALA,121109
Joshua,9000716984,3416 US Hwy 285,ASSAM,121111
Joshua,9000716985,541 Kessler Ave,JAIPUR,121112
Jamal,9000716986,97299 Loop 1604,ANDHRA,121113
Ciaran,9000716987,457 N Greer Blvd,TELANGANA,121114
Hammett,9000716988,49 River Oaks Blvd,UP,121115
Nicholas,9000716989,53481 FM 291,GUJARAT,121116
Kelly,9000716990,77044 Bryant Blvd N,ORISA,121117
Leroy,9000716991,92 Hwy 59,BANGLORE,121118
Lionel,9000716992,47926 State Loop 510,BIHAR,121121
Brian,9000716993,62305 S Flores Rd,DELHI,121122
Omar,9000716994,224 Bus 277,TAMILNADU,121123
David,9000716995,308 E Loop 301,KERALA,121124
Lyle,9000716996,76 Beaumont Ave,ASSAM,121125
Kamal,9000716997,86921 59-Hov,JAIPUR,121126
Ian,9000716998,58 Gains Ranch Loop,ANDHRA,121127
Brenden,9000716999,87 Crystal City Hwy,TELANGANA,121128
Dillon,9000717000,43 FM 613,UP,121129
Rafael,9000717001,3140 Hanson Ave,GUJARAT,121130
Tucker,9000717002,21552 Levelland Hwy,ORISA,121131
Jacob,9000717003,84013 US Hwy 67/90,BANGLORE,121132
Jared,9000717004,52 N Spr 63,BIHAR,121133
Matthew,9000717005,5937 State Hwy 248,DELHI,121134
Hall,9000717006,84 Wright Dr,TAMILNADU,121136
Giacomo,9000717007,54030 State Park Rd 22,KERALA,121137
Carl,9000717008,68 E State Hwy 107,ASSAM,121138
Dieter,9000717009,81041 Webster Ave,JAIPUR,121139
Peter,9000717010,5588 I- 20,ANDHRA,121140
Jasper,9000717011,893 FM 256,TELANGANA,121141
Hiram,9000717012,51378 Tahoka Rd,UP,121145
Felix,9000717013,420 State Loop 177,GUJARAT,121146
Erasmus,9000717014,45 E Hwy 80,ORISA,121149
Lewis,9000717015,36 S Getty St,BANGLORE,121150
Dean,9000717016,25 President George Bus,BIHAR,121151
Ira,9000717017,982 Loop 332,DELHI,121152
Brandon,9000717018,54845 Colorado Dr,TAMILNADU,121155
Hop,9000717019,64624 Spr 115,KERALA,121159
Derek,9000717020,177 E US Hwy 380 Bus,ASSAM,121203
Vladimir,9000717021,41094 State Hwy 127,JAIPUR,121207
Keegan,9000717022,20797 State Loop 291,ANDHRA,121208
Alan,9000717023,33780 State Hwy 72,TELANGANA,121209
Dylan,9000717024,8066 N Chappell Hill St,UP,121210
Thomas,9000717025,13241 Poly North Fwy,GUJARAT,121211
Kibo,9000717026,98007 US Hwy 287P Bus,ORISA,121212
Jacob,9000717027,8263 State Hwy 78 Bus,BANGLORE,121213
David,9000717028,78292 Ranch Rd 1345,BIHAR,121215
Uriel,9000717029,14 Ranch Rd 1476,DELHI,121216
Rigel,9000717030,577 US Hwy Bus 271/n Jef,TAMILNADU,121217
Colton,9000717031,2048 6th St N,KERALA,121218
Valentine,9000717032,1660 US Hwy 84,ASSAM,121219
Daquan,9000717033,752 FM 219,JAIPUR,121221
Channing,9000717034,5837 State Hwy 45,ANDHRA,121222
Cruz,9000717035,29 E Johnson St,TELANGANA,121223
Tate,9000717036,7006 Greenbriar Rd,UP,121225
Abbot,9000717037,8941 W Goliad Ave,GUJARAT,121226
Benedict,9000717038,553 E Sam Rayburn Rd,ORISA,121228
Thaddeus,9000717039,7441 I- 45 Bus,BANGLORE,121229
Xavier,9000717040,37 N Walton Walker Blvd,BIHAR,121231
Brock,9000717041,461 Lake Rd,DELHI,121232
Trevor,9000717042,9064 FM 3393,TAMILNADU,121234
Nathan,9000717043,8169 W Kiest Blvd,KERALA,121236
Keefe,9000717044,71 Brazosport Blvd N,ASSAM,121237
Darius,9000717045,99218 W Brown St,JAIPUR,121238
David,9000717046,58 N Hwy 36,ANDHRA,121240
Rafael,9000717047,73974 State Spur 117,TELANGANA,121241
Zeph,9000717048,39020 Menard Hwy,UP,121245
Jermaine,9000717049,2317 Arp Dr,GUJARAT,121242
Maxwell,9000717050,712 N Broadway,ORISA,121246
Thane,9000717051,12038 Las Vacas St,BANGLORE,121247
Devin,9000717052,845 FM 4,BIHAR,121249
Damian,9000717053,621 S Faires St,DELHI,121250
Amery,9000717054,141 Hwy 96 Byp,TAMILNADU,121251
Porter,9000717055,12492 Old State Hwy 66,KERALA,121252
Brady,9000717056,97636 E Delano Ave,ASSAM,121253
Denton,9000717057,18542 State Spur 122,JAIPUR,121301
Yasir,9000717058,3128 Ed Bluestein Blvd,ANDHRA,121303
Lucas,9000717059,9884 W State Hwy 128,TELANGANA,121304
Geoffrey,9000717060,7940 US Hwy 90E,UP,121305
Hop,9000717061,67013 9th Ave,GUJARAT,121306
Louis,9000717062,906 State Hwy 323 NW,ORISA,121307
Addison,9000717063,96 Rusk Ave,BANGLORE,121308
Solomon,9000717064,65144 State Loop 110,BIHAR,121312
Beck,9000717065,92 N Laurent St,DELHI,121314
Kirk,9000717066,6462 W Loop 254,TAMILNADU,121315
Yoshio,9000717067,20616 State Spur 272,KERALA,121316
Asher,9000717068,74868 Northwest Fwy,ASSAM,121317
Chaim,9000717069,45 S Cravens Rd,JAIPUR,121318
Tanek,9000717070,750 S Washburn St,ANDHRA,121319
Cairo,9000717071,45213 E Ennis Ave,TELANGANA,121320
Garrett,9000717072,44245 S Harborth Ave,UP,121321
Kato,9000717073,795 Trans Mountain Rd,GUJARAT,121322
Kato,9000717074,84296 Hyw 49,ORISA,121323
Armando,9000717075,8469 State Hwy 1904 E,BANGLORE,121324
Sylvester,9000717076,26706 W Veterans Memorial ,BIHAR,121325
Rajah,9000717077,80376 S Loop Fwy,DELHI,121326
Gray,9000717078,24096 Hwy Blvd,TAMILNADU,121327
Dexter,9000717079,34 NE H K Dodgen Loop,KERALA,121328
Samuel,9000717080,18 State Hwy 347,ASSAM,121329
Josiah,9000717081,42311 E St,JAIPUR,121330
Colin,9000717082,11599 Loop 534,ANDHRA,121331
Colorado,9000717083,79 Hwy 3 S,TELANGANA,121332
Burton,9000717084,141 S 12th Ave,UP,121334
Barry,9000717085,48 Katy Fwy,GUJARAT,121335
Salvador,9000717086,838 Roland Dr,ORISA,121336
Randall,9000717087,73210 North Ave,BANGLORE,121338
Rogan,9000717088,674 FM 3393,BIHAR,121339
Ashton,9000717089,926 Neals Fwy,DELHI,121340
Driscoll,9000717090,63492 SW Stallings Dr,TAMILNADU,121342
Roth,9000717091,67609 N Railroad Ave,KERALA,121343
Guy,9000717092,54 Ghost Creek,ASSAM,121344
Ronan,9000717093,80567 Culver St,JAIPUR,121345
Matthew,9000717094,49 State Spur 271,ANDHRA,121346
Vladimir,9000717095,133 State Hwy 149,TELANGANA,121346
Barry,9000717096,78860 State Spur 470,UP,121348
Cullen,9000717097,965 S Highland Ave,GUJARAT,121349
Uriah,9000717098,75 State Loop 377,ORISA,121350
Quinn,9000717099,2214 Manley Ln,BANGLORE,121351
Keefe,9000717100,5868 Ranchroad 261,BIHAR,121357
Alec,9000717101,73223 Harding St,DELHI,121359
Cadman,9000717102,58461 Nueces St,TAMILNADU,121408
Ishmael,9000717103,541 N Martin Luther King,KERALA,121413
Kennan,9000717104,47 State Hwy 13,ASSAM,121418
Jacob,9000717105,25817 N Panam Expy,JAIPUR,121419
Francis,9000717106,8885 State Loop 424,ANDHRA,121420
Chaim,9000717107,4040 State Spur 47,TELANGANA,121441
Emerson,9000717108,612 S Union St,UP,122103
Brett,9000717109,56735 N Cage Blvd,GUJARAT,122110
Quamar,9000717110,186 State Spur 350,ORISA,122142
Uriel,9000717111,31607 Stonegate Blvd,BANGLORE,122148
Keaton,9000717112,66259 State Hwy W 199,BIHAR,122158
Myles,9000717113,4777 Padre Island Dr Brg,DELHI,122160
Jasper,9000717114,456 W Monroe St,TAMILNADU,122202
Isaiah,9000717115,988 Tiger Dr,KERALA,122204
Grady,9000717116,226 E Hurst,ASSAM,122233
Chase,9000717117,116 State Loop 533,JAIPUR,122258
Chaim,9000717118,3173 N Drake St,ANDHRA,122302
Ali,9000717119,451 E US Hwy 281,TELANGANA,122360
Anthony,9000717120,82 Hwy 81 N,UP,122402
Dean,9000717121,64 Summerhill Rd,GUJARAT,122421
Malik,9000717122,5516 S Mehnert St,ORISA,122424
Quentin,9000717123,36 State Loop 485,BANGLORE,122436
Ahmed,9000717124,40140 State Loop 173,BIHAR,123105
Benedict,9000717125,48831 S Wood St,DELHI,123120
Norman,9000717126,399 State Hwy 97 E,TAMILNADU,123144
Damon,9000717127,2934 Fort Bend Pkwy,KERALA,123144
Edward,9000717128,40 College Park Dr,ASSAM,123153
Cyrus,9000717129,57692 E Irving Blvd,JAIPUR,123156
Cameron,9000717130,37 S Key Ave,ANDHRA,123201
Garrett,9000717131,87 S 6th St,TELANGANA,123214
Jackson,9000717132,62277 State Hwy 100,UP,123224
Brennan,9000717133,20579 Loop 500,GUJARAT,123230
Damian,9000717134,2760 Bois D'Arc,ORISA,123243
Declan,9000717135,57 Dessau Rd,BANGLORE,123254
Eagan,9000717136,23 FM 684,BIHAR,123255
Brenden,9000717137,52442 Fisher St,DELHI,123256
Mohammad,9000717138,7616 US Hwy 59F Bus,TAMILNADU,123257
Jameson,9000717139,19048 N Dill St,KERALA,123260
Preston,9000717140,961 E Hwy 377,ASSAM,123309
Owen,9000717141,525 Donigan Rd,JAIPUR,123311
Jamal,9000717142,667 S Bryant Blvd,ANDHRA,123313
Graiden,9000717143,431 W Dallas Ave,TELANGANA,123333
Charles,9000717144,210 E Rio Grande St,UP,123337
Holmes,9000717145,16 E State Hwy 115,GUJARAT,123341
Harper,9000717146,62 FM 916,ORISA,123352
Tyler,9000717147,1281 State Hwy 35C Bus,BANGLORE,123353
Hammett,9000717148,898 Avenue E,BIHAR,123354
Macon,9000717149,99086 State Hwy 329,DELHI,123355
Davis,9000717150,897 S Grant Ave,TAMILNADU,123356
Allen,9000717151,73 W Rio Grande St,KERALA,123358
Allistair,9000717152,810 FM 466,ASSAM,123401
Francis,9000717153,61 Central Texas Expy,JAIPUR,123404
Boris,9000717154,864 SW H K Dodgen Loop,ANDHRA,123407
Derek,9000717155,896 State Spur 290,TELANGANA,123409
Drew,9000717156,674 N East End Blvd,UP,123411
Carter,9000717157,31 Hwt 62,GUJARAT,123412
Abbot,9000717158,91498 Halsell Ave,ORISA,123416
Giacomo,9000717159,264 W Washington St,BANGLORE,123422
Eaton,9000717160,41547 Cora St,BIHAR,123423
Xenos,9000717161,10241 Merle,DELHI,123425
Wesley,9000717162,2941 State Hwy 323 NW,TAMILNADU,123426
Hasad,9000717163,8266 State Hwy 166,KERALA,123428
Amos,9000717164,284 E Oak St,ASSAM,123429
Grady,9000717165,3050 W Corpus Christi St,JAIPUR,123430
Jelani,9000717166,3623 S Austin St,ANDHRA,123431
Hakeem,9000717167,8691 N Home St,TELANGANA,123432
Thane,9000717168,48241 E Bensdale St,UP,123433
Laith,9000717169,569 State Loop 472,GUJARAT,123434
Samuel,9000717170,69176 State Hwy 368,ORISA,123437
Howard,9000717171,6673 Cr 2830,BANGLORE,123438
Hasad,9000717172,67 S Louise St,BIHAR,123440
Lucius,9000717173,9240 S Wood St,DELHI,123443
Dante,9000717174,738 Old Katy Rd,TAMILNADU,123444
Isaiah,9000717175,8155 E Bus 380,KERALA,123445
Xander,9000717176,87278 State Loop 425,ASSAM,123446
Myles,9000717177,484 San Antonio,JAIPUR,123447
Ethan,9000717178,15 S Frazier St,ANDHRA,9311
Dillon,9000717179,18887 Cheyenne Pl,TELANGANA,9312
Reese,9000717180,423 State Hwy 186,UP,9313
Solomon,9000717181,68 Wayside Dr,GUJARAT,9314
Kane,9000717182,87665 W Wilks St,ORISA,9315
Audrey,9000717183,142 S Day St,BANGLORE,9316
Jade,9000717184,664 Cowen St,BIHAR,9317
Uta,9000717185,41591 Dyer St,DELHI,9318
Unity,9000717186,949 E Omega St,TAMILNADU,9319
Nola,9000717187,96339 N Washington St,KERALA,9320
Odessa,9000717188,3816 Kell E,ASSAM,9321
Zorita,9000717189,61384 Bailey Ave,JAIPUR,9322
Donna,9000717190,405 Wade Blvd,ANDHRA,9323
Ariana,9000717191,173 Westwood Dr N,TELANGANA,9324
Halla,9000717192,6956 US Hwy 59,UP,9325
Wynter,9000717193,10 US Hwy 385,GUJARAT,9326
Rebecca,9000717194,4391 Addicks Satsuma Rd,ORISA,9327
Hadley,9000717195,98 State Hwy 51,BANGLORE,9328
Cameran,9000717196,70 Grand Central Ave,BIHAR,9329
Blaine,9000717197,65 N US Hwy 69,DELHI,9330
Kitra,9000717198,47 E Houston Harte Expy,TAMILNADU,9331
Yeo,9000717199,98 W State Hwy 302,KERALA,9332
Cora,9000717200,95827 W Davis St,ASSAM,9333
Hadley,9000717201,412 Carlos G Parker Blvd,JAIPUR,9334
Audra,9000717202,410 E Katherine P Rains ,ANDHRA,9335
Whoopi,9000717203,85187 E US Hwy 70,TELANGANA,9336
Brielle,9000717204,434 Fort McKavitt St,UP,9337
Indira,9000717205,65 State Spur 494,GUJARAT,9338
Charlotte,9000717206,885 SW Loop 286,ORISA,9339
Tallulah,9000717207,9535 E 2nd St,BANGLORE,9340
Piper,9000717208,40789 Rolater Rd,BIHAR,9341
Eve,9000717209,253 NW 4th St,DELHI,9342
Kaden,9000717210,8301 State Spur 434,TAMILNADU,9343
Savannah,9000717211,6470 S W 5th St,KERALA,9344
Cailin,9000717212,23162 N Colorado St,ASSAM,9345
Zephr,9000717213,26804 Spr 100,JAIPUR,9346
Rhonda,9000717214,72 N State Hwy 11,ANDHRA,9347
Maxine,9000717215,5574 Yeagua St,TELANGANA,9348
Myra,9000717216,23 State Loop 385,UP,9349
Sacha,9000717217,6195 US Hwy 90A W,GUJARAT,9350
Scarlet,9000717218,1256 Hempstead Rd,ORISA,9351
Deborah,9000717219,7470 W Morris St,BANGLORE,9352
Courtney,9000717220,8174 I- 10 Bus,BIHAR,9353
Blaine,9000717221,86478 Hwy 101 W,DELHI,9354
Gillian,9000717222,4532 State Hwy 17 N,TAMILNADU,9355
Dana,9000717223,2280 Austin Rd,KERALA,9356
Brielle,9000717224,48001 W Royal,ASSAM,9357
Deirdre,9000717225,7218 S Colorado St,JAIPUR,9358
April,9000717226,1813 N Powell Pkwy,ANDHRA,9359
Adria,9000717227,23575 N Sunset Strip St,TELANGANA,9360
Naomi,9000717228,417 N FM 51,UP,9361
Ria,9000717229,946 S Jackson St,GUJARAT,9362
Shea,9000717230,43614 State Loop 564,ORISA,9363
Rhoda,9000717231,3581 E Broad St,BANGLORE,9364
Stella,9000717232,893 Ranch Rd 781,BIHAR,9365
Jena,9000717233,62503 Landa St,DELHI,9366
Tatum,9000717234,1735 State Hwy 100,TAMILNADU,9367
Miriam,9000717235,99890 W Wilks St,KERALA,9368
Sophia,9000717236,51844 Manley Ln,ASSAM,9369
Simone,9000717237,17 Bowie Ave,JAIPUR,9370
Mia,9000717238,240 N W E Crawford Ave,ANDHRA,9371
Rinah,9000717239,78054 Colleyville Blvd,TELANGANA,9372
Judith,9000717240,28865 W Main St,UP,9373
Lilah,9000717241,936 E Renfro St,GUJARAT,9374
Maisie,9000717242,720 State Hwy 149,ORISA,9375
Dana,9000717243,228 N Ray Roberts Pkwy,BANGLORE,9376
Karyn,9000717244,2531 US Hwy 77X Bus,BIHAR,9377
Molly,9000717245,4173 N Neches St,DELHI,9378
Helen,9000717246,32368 I- 35W,TAMILNADU,9379
Kelsey,9000717247,79 State Hwy 35,KERALA,9380
Illana,9000717248,4231 State Spur 57,ASSAM,9381
Clementine,9000717249,921 Cliffside Rd,JAIPUR,9382
Xantha,9000717250,6194 Bob Bullock Loop,ANDHRA,9383
Vielka,9000717251,17277 Kell W,TELANGANA,9384
Cassandra,9000717252,738 N Wood St,UP,9385
Martha,9000717253,281 State Hwy 251,GUJARAT,9386
Hayley,9000717254,9363 W John Carpenter Fwy,ORISA,9387
Alexis,9000717255,845 277 S,BANGLORE,9388
Alyssa,9000717256,1757 Pratt Rd,BIHAR,9389
Maggy,9000717257,2827 State Spur 324,DELHI,9390
Amy,9000717258,738 E Hwy 25,TAMILNADU,9391
Shaeleigh,9000717259,48632 W University Ave,KERALA,9392
Zena,9000717260,3858 State Hwy W 199,ASSAM,9393
Lana,9000717261,28844 Congress Ave S,JAIPUR,9394
Olympia,9000717262,74305 State Hwy 146N,ANDHRA,9395
Genevieve,9000717263,997 FM 90,TELANGANA,9396
Vivien,9000717264,8373 State Loop 494,UP,9397
Stacey,9000717265,8306 N Earl Rudder Fwy,GUJARAT,9398
Nola,9000717266,1488 Robert B Cullum Blvd,ORISA,9399
Lacy,9000717267,9980 Quincy St,BANGLORE,9400
Justine,9000717268,370 E Business Highway 8,BIHAR,9401
Tanya,9000717269,64638 S FM 1518,DELHI,9402
Azalia,9000717270,9044 Karnes Rd,TAMILNADU,9403
Astra,9000717271,73314 US Hwy 77 Alternate ,KERALA,9404
Tamara,9000717272,38 I- 10C Bus,ASSAM,9405
Kristen,9000717273,58198 Hwy 40,JAIPUR,9406
Amy,9000717274,2066 FM 499,ANDHRA,9407
Urielle,9000717275,22665 Uribe St,TELANGANA,9408
Lunea,9000717276,27968 W Lennon Dr/hwy 69,UP,9409
Bo,9000717277,32534 S Buchanan St,GUJARAT,9410
Mercedes,9000717278,96 E John Carpenter Fwy,ORISA,9411
Dominique,9000717279,625 FM 1970,BANGLORE,9412
Joy,9000717280,442 S Gaston,BIHAR,9413
Mollie,9000717281,450 W Pacific Ave,DELHI,9414
Tatiana,9000717282,12291 S Texas Ave,TAMILNADU,9415
Dorothy,9000717283,5410 E US Hwy 380 Bus,KERALA,9416
Sierra,9000717284,958 N Marshall St,ASSAM,9417
Dacey,9000717285,41391 W US Hwy 290,JAIPUR,9418
Lunea,9000717286,325 SE Loop 281,ANDHRA,9419
Tatiana,9000717287,752 Hwy 59 N,TELANGANA,9420
Amena,9000717288,39 W Glenwood Blvd,UP,9421
Madison,9000717289,95359 10-Hov Fwy,GUJARAT,9422
Phoebe,9000717290,84 Burnet Rd,ORISA,9423
Skyler,9000717291,40470 W 6th Ave,BANGLORE,9424
Jescie,9000717292,28523 E Palestine Ave,BIHAR,9425
Tallulah,9000717293,50 E 5th St,DELHI,9426
Sigourney,9000717294,282 N Fredonia St,TAMILNADU,9427
Amena,9000717295,25 State Loop 372,KERALA,9428
Remedios,9000717296,172 FM 266,ASSAM,9429
Sydney,9000717297,9288 US Hwy 183V Bus,JAIPUR,9430
Teagan,9000717298,9815 US Hwy 281S,ANDHRA,9431
Yvette,9000717299,34969 N Hwy 360,TELANGANA,9432
Unity,9000717300,43 N US Hwy 67,UP,9433
Mira,9000717301,4436 State Hwy 220,GUJARAT,9434
Vera,9000717302,9622 S Bridge St,ORISA,9435
Brenna,9000717303,60533 W Hwy 56,BANGLORE,9436
Sloane,9000717304,7850 S Hwy 6,BIHAR,9437
Charity,9000717305,25 FM 278,DELHI,9438
Kylee,9000717306,2805 Old Fechner,TAMILNADU,9439
Avye,9000717307,4517 S Storts St,KERALA,9440
Marcia,9000717308,392 David Vetter Bouleva,ASSAM,9441
Zelenia,9000717309,2007 SE 24th Ave,JAIPUR,9442
Phoebe,9000717310,29 Owk Dr,ANDHRA,9443
Shay,9000717311,3651 Val Verde Ave,TELANGANA,9444
Shaeleigh,9000717312,798 State Spur 114,UP,9445
Idona,9000717313,459 N Lasalle St,GUJARAT,9446
Neve,9000717314,22 F Rd,ORISA,9447
Ciara,9000717315,23 Beaumont Ave,BANGLORE,9448
Laurel,9000717316,98202 US Hwy 77 Alt,BIHAR,9449
Ignacia,9000717317,69 S Wharton St,DELHI,9450
Aphrodite,9000717318,9184 State Loop 478,TAMILNADU,9451
Gay,9000717319,54434 State Loop 346,KERALA,9452
Ruth,9000717320,17 Ave Hwy 163,ASSAM,9453
Indira,9000717321,186 E Loop 340,JAIPUR,9454
Rinah,9000717322,73 N Trinity St,ANDHRA,9455
Eve,9000717323,5949 Richmond-Sugarland R,TELANGANA,9456
Nicole,9000717324,24479 E Houston Harte Expy,UP,9457
Freya,9000717325,33 Beaumont Hwy,GUJARAT,9458
Cara,9000717326,7917 W 6th Ave,ORISA,9459
Rana,9000717327,6916 N S Hwy 16,BANGLORE,9460
Anika,9000717328,26 NE H K Dodgen Loop,BIHAR,9461
Avye,9000717329,138 Mile 16 Rd N,DELHI,9462
Robin,9000717330,9645 W Hall St,TAMILNADU,9463
Astra,9000717331,31 W Rusk St,KERALA,9464
Freya,9000717332,8561 N Crockett Ave,ASSAM,9465
Sacha,9000717333,299 E American Blvd,JAIPUR,9466
Madonna,9000717334,620 Bryant Blvd N,ANDHRA,9467
Noelle,9000717335,462 I-40 Bus,TELANGANA,9468
Kay,9000717336,97708 US Hwy 377 N,UP,9469
Pearl,9000717337,24 Sandshell Blvd,GUJARAT,9470
Genevieve,9000717338,22 US Hwy 90 Bus,ORISA,9471
Madonna,9000717339,41 288,BANGLORE,9472
Eden,9000717340,34 S Hw 21,BIHAR,9473
Anne,9000717341,1419 Badger/n US Hwy 385,DELHI,9474
Rana,9000717342,45442 W Southline St,TAMILNADU,9475
Calista,9000717343,12623 FM 1644,KERALA,9476
Yoko,9000717344,242 Creek 109,ASSAM,9477
Summer,9000717345,92 E Tyler St,JAIPUR,9478
Karen,9000717346,407 E Hwy 90,ANDHRA,9479
Giselle,9000717347,67080 S Loop 335 E,TELANGANA,9480
Reagan,9000717348,74 S Alamo St,UP,9481
Naida,9000717349,8392 Airport Acres Hwy,GUJARAT,9482
Jordan,9000717350,48 State Loop 505,ORISA,9483
Medge,9000717351,9006 N Ceylon St,BANGLORE,9484
Celeste,9000717352,69 W College St,BIHAR,9485
Melissa,9000717353,49712 Key Ranch Rd,DELHI,9486
Madeline,9000717354,44 Van Hwy,TAMILNADU,9487
Jena,9000717355,4245 Benthaven Way,KERALA,9488
Lee,9000717356,34 N Buchanan St,ASSAM,9489
Cora,9000717357,59275 State Spur 530,JAIPUR,9490
Scarlett,9000717358,42945 State Hwy 132,ANDHRA,1001
Phyllis,9000717359,38231 NE 4th St,TELANGANA,1002
Alma,9000717360,2677 Avenue A South Dr,UP,1003
Brielle,9000717361,23599 State Spur 78,GUJARAT,1004
Melinda,9000717362,9235 W US Hwy 175,ORISA,1005
Petra,9000717363,4710 State Loop 187,BANGLORE,1006
Shelly,9000717364,237 W Gibson St,BIHAR,1007
Kylynn,9000717365,7053 FM 417,DELHI,1008
Zia,9000717366,4637 T J Taylor Ave,TAMILNADU,1009
Lee,9000717367,9279 State Spur 470,KERALA,1010
Patience,9000717368,99 N FM 1417 Exd,ASSAM,1011
Dakota,9000717369,15 S Danville St,JAIPUR,1012
Lisandra,9000717370,184 I- 35A Bus,ANDHRA,1013
Shay,9000717371,163 12th St,TELANGANA,1014
Sigourney,9000717372,318 US Hwy 75,UP,1015
Zenia,9000717373,436 N Jefferson St,GUJARAT,1016
Galena,9000717374,3302 S Hwy 288B,ORISA,1017
Margaret,9000717375,26 S I- 27,BANGLORE,1018
Nerea,9000717376,11 State Hwy 274,BIHAR,1019
Tanya,9000717377,56495 FM 1731,DELHI,1020
Kendall,9000717378,5547 Bu 82-J,TAMILNADU,1021
Rose,9000717379,94012 Hwy 11,KERALA,1022
Erin,9000717380,70039 N Maple,ASSAM,1023
Violet,9000717381,544 State Hwy 240,JAIPUR,1024
Halee,9000717382,9317 E Hendryx Ave,ANDHRA,1025
Grace,9000717383,1450 FM 226,TELANGANA,1026
Cecilia,9000717384,82008 S Hwy 304,UP,1027
Blythe,9000717385,750 W Brillhart Ave,GUJARAT,1028
Charde,9000717386,4232 Ranch Rd 1623,ORISA,1029
Hayfa,9000717387,9586 W Grand Ave,BANGLORE,1030
Imani,9000717388,49 E Commerce St,BIHAR,1031
Cassady,9000717389,28 Hurst St,DELHI,1032
Kerry,9000717390,289 Hwy,TAMILNADU,1033
Brynne,9000717391,703 FM 441,KERALA,1034
Kelsey,9000717392,15535 S Padre Island Dr,ASSAM,1035
Tara,9000717393,63 FM 357,JAIPUR,1036
Lynn,9000717394,89 N Hinton St,ANDHRA,1037
Alana,9000717395,54297 Bensdale Rd,TELANGANA,1038
Sonia,9000717396,30 Montague St,UP,1039
Tanya,9000717397,80431 State Hwy 329,GUJARAT,1040
Idona,9000717398,294 Ranch Rd 1217,ORISA,1041
Deirdre,9000717399,366 E Delano St,BANGLORE,1042
Naomi,9000717400,92607 Eden-Paint Rock Hwy,BIHAR,1043
Deirdre,9000717401,92330 State Hwy 166,DELHI,1044
Regina,9000717402,47495 E Gassaway Ave,TAMILNADU,1045
Nomlanga,9000717403,47047 State Spur 525,KERALA,1046
Zelda,9000717404,7904 Lamar Rd,ASSAM,1047
Ursa,9000717405,154 Nueces St,JAIPUR,1048
Kiayada,9000717406,40109 Faudree Rd,ANDHRA,1049
Nicole,9000717407,276 Seawall Blvd,TELANGANA,1050
Xaviera,9000717408,98548 Alcove,UP,1051
Zelenia,9000717409,61 FM 1243,GUJARAT,1052
Phoebe,9000717410,588 Loop 274,ORISA,1053
Shay,9000717411,95963 N Loop 336 E,BANGLORE,1054
Shaeleigh,9000717412,44742 S Seaman St,BIHAR,1055
Idona,9000717413,63 State Hwy 272,DELHI,1056
Neve,9000717414,998 Airport Hwy 21,TAMILNADU,1057
Ciara,9000717415,34 W Glenwood Blvd,KERALA,1058
Laurel,9000717416,84 South Ave,ASSAM,1059
Ignacia,9000717417,5586 W Gravis Ave,JAIPUR,1060
Aphrodite,9000717418,54 S Main St,ANDHRA,1061
Gay,9000717419,20693 FM 901,TELANGANA,1062
Ruth,9000717420,53 NW 4th St,UP,1063
Indira,9000717421,9136 Columbia St,GUJARAT,1064
Rinah,9000717422,5559 N Maple St,ORISA,1065
Eve,9000717423,2721 S Mc Lean St,BANGLORE,1066
Nicole,9000717424,7460 Robertson Creek Rd,BIHAR,1067
Freya,9000717425,50 E 6th Ave,DELHI,1068
Cara,9000717426,78086 S Pan Am Expy,TAMILNADU,1069
Rana,9000717427,489 State Hwy 289 N,KERALA,1022
Anika,9000717428,3638 FM 580,ASSAM,1023
Avye,9000717429,66 State Hwy 85 W,JAIPUR,1024
Robin,9000717430,9605 Hwy 85 W,ANDHRA,1025
Astra,9000717431,401 E Forrest St,TELANGANA,1026
Freya,9000717432,6056 Water St,UP,1027
Sacha,9000717433,12 State Spur 572,GUJARAT,1028
Madonna,9000717434,68 E Hwy 66,ORISA,1029
Noelle,9000717435,394 E Gonzales,BANGLORE,1030
Kay,9000717436,4716 Old Hwy 20,BIHAR,1031
Pearl,9000717437,9730 State Hwy 323 N,DELHI,1032
Genevieve,9000717438,75 State Hwy 30,TAMILNADU,1033
Madonna,9000717439,526 Summerhill Rd,KERALA,1034
Eden,9000717440,46 S Dewey Ave,ASSAM,1035
Anne,9000717441,470 Ferguson Rd,JAIPUR,1036
Rana,9000717442,176 State Hwy 36E Bus,ANDHRA,1037
Calista,9000717443,3935 N Baily St,TELANGANA,1038
Yoko,9000717444,4931 E US Hwy 80,UP,1039
Summer,9000717445,2955 E Court Plz,GUJARAT,1040
Karen,9000717446,9069 State Spur 260,ORISA,1041
Giselle,9000717447,468 Old Hwy 290,BANGLORE,1042
Reagan,9000717448,7322 S Teel Dr,BIHAR,1043
Naida,9000717449,112 Kilgore Dr,DELHI,1044
Jordan,9000717450,5441 State Hwy 186,TAMILNADU,1045
Medge,9000717451,14 N 16th St,KERALA,1046
Celeste,9000717452,45880 State Hwy 7b Bus,ASSAM,1047
Melissa,9000717453,2480 State Hwy 16 S,JAIPUR,1048
Madeline,9000717454,8341 Wesley St,ANDHRA,1049
Jena,9000717455,13839 N Bruested,TELANGANA,1050
Lee,9000717456,25651 US Hwy 90A W,UP,1051
Cora,9000717457,2158 FM 142,GUJARAT,1052
Scarlett,9000717458,33 Hwy 190 W,ORISA,1053
Phyllis,9000717459,38405 Fritch Hwy,BANGLORE,1054
Alma,9000717460,44 E Carrington Ave,BIHAR,1055
Brielle,9000717461,42 I- 10,DELHI,1056
Melinda,9000717462,711 FM 2169,TAMILNADU,1057
Petra,9000717463,714 US Hwy 79B Bus,KERALA,1058
Shelly,9000717464,2457 Nacogdoches St,ASSAM,1059
Kylynn,9000717465,42828 State Hwy 27,JAIPUR,1060
Zia,9000717466,334 US Hwy 81E Bus,ANDHRA,1061
Lee,9000717467,917 W Morris St,TELANGANA,1062
Patience,9000717468,355 Ed Bluestein Blvd,UP,1063
Dakota,9000717469,43960 S Business 289,GUJARAT,1064
Lisandra,9000717470,21 Mineola Hwy,ORISA,1065
Shay,9000717471,26808 S Walton Walker Blvd,BANGLORE,1066
Sigourney,9000717472,6456 Capt Henry Stout,BIHAR,1067
Zenia,9000717473,67 S Hwy 35,DELHI,1068
Galena,9000717474,1633 Boca Chica Blvd,TAMILNADU,1069
Margaret,9000717475,6497 US Hwy 81 N,KERALA,1070
Nerea,9000717476,313 S Faires St,ASSAM,1071
Tanya,9000717477,569 Hwy 96 Byp,JAIPUR,1072
Kendall,9000717478,39 S Corinth St,ANDHRA,1073
Rose,9000717479,4580 Spring St,TELANGANA,1074
Erin,9000717480,62 N Capital of Texas H,UP,1075
,,,,1076
