sscmarks,intermarks,workexperience,rollnumber,graduation,graduationpercentage,specialization,specialization2
578,974,2,131101,B.Sc.,89,MARKETING,HR
348,882,5,131102,B.Com,84,HR,FINANCE
412,802,2,131103,B.E.,52,FINANCE,OPERATIONS
537,742,2,131104,B.Tech.,82,OPERATIONS,ANALYTICS
384,791,4,131105,B.Tech.,71,ANALYTICS,MARKETING
526,829,0,131106,B.Tech.,83,MARKETING,HR
352,838,0,131107,B.C.A.,83,HR,FINANCE
438,761,3,131109,B.Tech.,82,FINANCE,OPERATIONS
442,752,3,131110,B.B.A.,60,OPERATIONS,ANALYTICS
514,787,5,131112,B.Sc.,61,ANALYTICS,MARKETING
560,979,4,131113,B.Tech.,51,MARKETING,HR
570,845,0,131114,B.Tech,57,HR,FINANCE
530,865,3,131115,B.Com,71,FINANCE,OPERATIONS
568,943,5,131116,B.Tech.,78,OPERATIONS,ANALYTICS
386,996,0,131117,B.Com,69,ANALYTICS,MARKETING
469,864,2,131118,B.Com,70,MARKETING,HR
532,707,5,131119,B.Tech.,64,HR,FINANCE
405,952,5,131120,B.Tech.,50,FINANCE,OPERATIONS
594,749,4,131121,B.Tech.,74,OPERATIONS,ANALYTICS
434,766,2,131123,B.Com,61,ANALYTICS,MARKETING
331,946,3,131124,B.E.,58,MARKETING,HR
381,935,1,131125,B.Com,52,HR,FINANCE
466,933,0,131126,B.Tech.,64,FINANCE,OPERATIONS
442,972,3,131127,B.Com,63,OPERATIONS,ANALYTICS
585,789,4,131128,B.Tech.,76,ANALYTICS,MARKETING
439,975,4,131130,BHMCT,82,MARKETING,HR
482,738,3,131131,B.Sc.,86,HR,FINANCE
584,747,4,131132,B.Tech.,85,FINANCE,OPERATIONS
359,736,2,131133,B.Tech.,87,OPERATIONS,ANALYTICS
413,991,1,131134,B.Tech.,78,ANALYTICS,MARKETING
553,998,1,131135,B.Tech.,62,MARKETING,HR
310,787,2,131136,B.Com,90,HR,FINANCE
337,854,5,131137,B.Sc.,59,FINANCE,OPERATIONS
518,981,2,131138,B.Tech.,87,OPERATIONS,ANALYTICS
335,883,5,131141,B.Sc.,70,ANALYTICS,MARKETING
492,862,5,131143,B.Pharm,50,MARKETING,HR
401,766,1,131145,B.Com,78,HR,FINANCE
524,873,0,131146,B.Tech.,58,FINANCE,OPERATIONS
423,817,0,131147,B.Sc.,65,OPERATIONS,ANALYTICS
332,755,0,131148,B.B.A.,78,ANALYTICS,MARKETING
558,816,3,131153,B.Tech.,59,MARKETING,HR
301,830,2,131154,B.Tech.,71,HR,FINANCE
430,870,2,131203,B.Tech.,81,FINANCE,OPERATIONS
415,932,3,131204,B.Tech.,61,OPERATIONS,ANALYTICS
541,750,1,131205,B.Tech.,71,ANALYTICS,MARKETING
539,780,4,131206,B.B.M.,50,MARKETING,HR
475,962,3,131207,B.Tech.,88,HR,FINANCE
565,838,3,131208,B.B.A.,65,FINANCE,OPERATIONS
368,896,1,131209,B.B.A.,55,OPERATIONS,ANALYTICS
445,735,3,131210,B.Tech.,55,ANALYTICS,MARKETING
540,709,1,131212,B.Tech.,55,MARKETING,HR
331,771,1,131213,B.A.,88,HR,FINANCE
564,994,5,131214,B.Sc.,77,FINANCE,OPERATIONS
555,747,2,131215,B.E.,57,OPERATIONS,ANALYTICS
484,890,2,131217,B.E.,73,ANALYTICS,MARKETING
590,859,0,131220,B.Com,69,MARKETING,HR
332,702,1,131221,B.Sc.,76,HR,FINANCE
506,898,4,131222,B.Tech.,56,FINANCE,OPERATIONS
533,820,0,131223,B.Tech.,62,OPERATIONS,ANALYTICS
423,817,5,131225,B.Tech.,56,ANALYTICS,MARKETING
447,770,5,131226,B.Tech.,72,MARKETING,HR
346,859,1,131227,B.Tech.,86,HR,FINANCE
359,958,5,131228,B.Com,53,FINANCE,OPERATIONS
462,771,0,131229,B.Tech.,85,OPERATIONS,ANALYTICS
538,873,5,131230,B.Pharm,66,ANALYTICS,MARKETING
505,921,1,131231,B.Sc.,65,MARKETING,HR
465,808,3,131232,B.Tech.,65,HR,FINANCE
434,856,2,131234,B.Com,86,FINANCE,OPERATIONS
442,729,3,131235,B.Tech.,60,OPERATIONS,ANALYTICS
330,910,4,131237,B.B.A.,53,ANALYTICS,MARKETING
453,705,1,131238,B.Sc.,73,MARKETING,HR
311,839,1,131239,B.Pharm,51,HR,FINANCE
323,867,1,131242,B.E.,78,FINANCE,OPERATIONS
488,744,0,131243,B.E.,69,OPERATIONS,ANALYTICS
499,953,5,131244,B.Com,89,ANALYTICS,MARKETING
484,992,0,131245,B.Tech.,79,MARKETING,HR
505,880,2,131247,B.Com,75,HR,FINANCE
449,767,1,131248,B.Sc.,70,FINANCE,OPERATIONS
330,721,5,131249,B.Tech.,57,OPERATIONS,ANALYTICS
593,708,0,131250,B.Sc.,83,ANALYTICS,MARKETING
517,736,2,131251,B.P.T.,62,MARKETING,HR
490,727,0,131253,B.Tech.,88,HR,FINANCE
536,963,1,131301,B.Tech.,90,FINANCE,OPERATIONS
412,710,4,131304,B.Sc.,70,OPERATIONS,ANALYTICS
500,963,0,131309,B.Pharm,78,ANALYTICS,MARKETING
390,708,5,131311,B.Sc.,63,MARKETING,HR
442,861,2,131312,B.Com,52,HR,FINANCE
435,704,0,131313,B.B.M.,65,FINANCE,OPERATIONS
466,892,4,131314,B.Com,63,OPERATIONS,ANALYTICS
592,986,3,131318,B.Tech,52,ANALYTICS,MARKETING
337,950,3,131321,B.tech.,52,MARKETING,HR
367,769,4,131322,B.B.A.,81,HR,FINANCE
543,864,2,131323,B.Com,75,FINANCE,OPERATIONS
411,998,4,131326,B.Com,89,OPERATIONS,ANALYTICS
547,802,2,131327,B.Tech.,84,ANALYTICS,MARKETING
357,740,3,131328,B.Com,55,MARKETING,HR
454,735,2,131330,B.Com,74,HR,FINANCE
413,811,5,131332,B.Tech.,55,FINANCE,OPERATIONS
369,808,5,131333,B.Sc.,74,OPERATIONS,ANALYTICS
422,989,3,131334,B.Tech,59,ANALYTICS,MARKETING
389,758,3,131335,B.Com,70,MARKETING,HR
399,775,4,131336,B.Com,80,HR,FINANCE
566,734,4,131337,B.Com,87,FINANCE,OPERATIONS
486,998,0,131338,B.Tech.,76,OPERATIONS,ANALYTICS
426,725,3,131340,B.E.,78,ANALYTICS,MARKETING
578,834,2,131341,B.B.A.,51,MARKETING,HR
315,937,4,131342,B.Tech.,54,HR,FINANCE
397,824,5,131343,B.Tech.,84,FINANCE,OPERATIONS
356,931,0,131344,B.Sc.,58,OPERATIONS,ANALYTICS
399,882,2,131345,B.B.M.,75,ANALYTICS,MARKETING
406,849,1,131346,B.Com,54,MARKETING,HR
450,710,5,131348,B.E.,77,HR,FINANCE
328,830,4,131350,B.Com,87,FINANCE,OPERATIONS
327,839,1,131352,B.B.M.,70,OPERATIONS,ANALYTICS
360,853,0,131353,B.Tech.,57,ANALYTICS,MARKETING
512,757,1,131402,B.Tech.,75,MARKETING,HR
585,817,1,131404,B.Com,85,HR,FINANCE
430,723,4,131405,B.Pharm,66,FINANCE,OPERATIONS
500,892,4,131406,B.Tech.,78,OPERATIONS,ANALYTICS
508,919,3,131407,B.B.A.,83,ANALYTICS,MARKETING
428,760,4,131408,B.Sc.,52,MARKETING,HR
327,700,3,131409,B.Com,79,HR,FINANCE
326,819,5,131410,B.Pharm,84,FINANCE,OPERATIONS
444,848,2,131411,B.Tech,70,OPERATIONS,ANALYTICS
407,942,5,131413,B.Tech.,58,ANALYTICS,MARKETING
585,800,1,131415,B.Tech,56,MARKETING,HR
383,747,4,131417,B.E.,63,HR,FINANCE
591,742,5,131418,BE,55,FINANCE,OPERATIONS
356,700,3,131419,B.Tech,73,OPERATIONS,ANALYTICS
357,700,1,131421,B.Com,53,ANALYTICS,MARKETING
488,839,2,131422,B.E.,71,MARKETING,HR
598,862,3,131423,B.E.,58,HR,FINANCE
451,862,5,131425,B.Tech,67,FINANCE,OPERATIONS
549,988,3,131426,BMS,71,OPERATIONS,ANALYTICS
535,900,1,131427,B.Com,72,ANALYTICS,MARKETING
404,923,4,131428,B.Com,79,MARKETING,HR
423,772,0,131429,B.Com,89,HR,FINANCE
398,999,4,131432,B.Tech,79,FINANCE,OPERATIONS
312,773,0,131433,BE,55,OPERATIONS,ANALYTICS
465,793,5,131435,B.Sc.,55,ANALYTICS,MARKETING
389,988,0,131437,B.Tech,59,MARKETING,HR
505,763,5,131438,B.Com,72,HR,FINANCE
514,720,4,131441,BBA,52,FINANCE,OPERATIONS
510,920,0,131443,B.Tech(cosmetic),55,OPERATIONS,ANALYTICS
434,749,5,131445,,72,ANALYTICS,MARKETING
525,856,5,131447,B.com,75,MARKETING,HR
371,868,4,131448,B.Com,81,HR,FINANCE
426,878,2,131449,B.Com,85,FINANCE,OPERATIONS
408,856,2,131451,B.Tech,83,OPERATIONS,ANALYTICS
389,911,3,131452,B.Tech,59,ANALYTICS,MARKETING
442,801,3,132108,B.Com,68,MARKETING,HR
420,854,1,132218,B.Tech,88,HR,FINANCE
460,788,1,132241,B.Tech,61,FINANCE,OPERATIONS
377,741,3,132302,B.Com,83,OPERATIONS,ANALYTICS
540,765,0,132305,B.Tech,60,ANALYTICS,MARKETING
400,907,4,132324,B.Tech,86,MARKETING,HR
529,883,3,132329,B.Tech,89,HR,FINANCE
346,726,5,132339,B.Tech,54,FINANCE,OPERATIONS
456,953,0,132401,B.Tech,75,OPERATIONS,ANALYTICS
474,800,3,132412,B.Tech,82,ANALYTICS,MARKETING
324,891,4,132414,B.Tech,86,MARKETING,HR
402,991,4,132416,B.Com,72,HR,FINANCE
356,812,4,132431,B.Tech,54,FINANCE,OPERATIONS
324,851,5,133111,B.Tech,51,OPERATIONS,ANALYTICS
371,906,5,133122,B.Tech,54,ANALYTICS,MARKETING
474,877,3,133129,B.Tech,81,MARKETING,HR
474,908,2,133139,B.B.M,68,HR,FINANCE
558,712,2,133140,B.Tech,72,FINANCE,OPERATIONS
446,804,5,133142,B.Tech,81,OPERATIONS,ANALYTICS
454,1000,2,133144,B.B.M,56,ANALYTICS,MARKETING
347,832,3,133149,B.Tech,72,MARKETING,HR
433,707,4,133150,B.Tech,90,HR,FINANCE
436,736,1,133151,B.Tech,83,FINANCE,OPERATIONS
326,910,1,133152,B.Tech,75,OPERATIONS,ANALYTICS
586,894,4,133202,B.Com,54,ANALYTICS,MARKETING
438,789,4,133211,B.E.,90,MARKETING,HR
433,872,4,133216,B.Tech,80,HR,FINANCE
499,921,1,133219,B.E.,57,FINANCE,OPERATIONS
348,833,4,133224,B.Tech,90,OPERATIONS,ANALYTICS
548,982,2,133233,B.Tech,62,ANALYTICS,MARKETING
308,795,1,133236,B.Com,57,MARKETING,HR
379,951,1,133240,B.Tech,79,HR,FINANCE
508,783,2,133246,B.Tech,61,FINANCE,OPERATIONS
449,834,1,133252,B.Tech,56,OPERATIONS,ANALYTICS
425,885,2,133303,B.Tech,57,ANALYTICS,MARKETING
451,971,5,133306,B.Tech,76,MARKETING,HR
569,822,0,133307,B.Tech,69,HR,FINANCE
510,843,5,133308,NCHMCT,64,FINANCE,OPERATIONS
543,996,3,133310,B.B.A,75,OPERATIONS,ANALYTICS
477,869,1,133315,B.Tech,76,ANALYTICS,MARKETING
539,804,0,133316,B.Tech,66,MARKETING,HR
322,996,2,133317,B.Tech,60,HR,FINANCE
326,861,0,133319,B.E.,54,FINANCE,OPERATIONS
599,952,4,133320,B.E.,72,OPERATIONS,ANALYTICS
494,906,5,133325,B.Com,56,ANALYTICS,MARKETING
586,814,0,133331,B.Tech,72,MARKETING,HR
448,827,3,133347,B.Com,74,HR,FINANCE
397,799,4,133349,B.Pharm,72,FINANCE,OPERATIONS
486,701,4,133351,B.Tech,84,OPERATIONS,ANALYTICS
395,765,1,133403,B.Tech,67,ANALYTICS,MARKETING
374,706,4,133420,B.HM& Tou,59,MARKETING,HR
444,908,1,133424,B.E.,85,HR,FINANCE
348,721,3,133430,B.Tech,51,FINANCE,OPERATIONS
582,898,0,133434,B.Com,82,OPERATIONS,ANALYTICS
489,766,2,133436,B.Tech,82,ANALYTICS,MARKETING
337,837,2,133439,B.Tech,88,MARKETING,HR
570,799,4,133440,B.Tech,79,HR,FINANCE
355,836,5,133442,B.Tech,51,FINANCE,OPERATIONS
318,772,5,133444,B.Tech,64,OPERATIONS,ANALYTICS
502,936,1,133446,B.Tech,60,ANALYTICS,MARKETING
358,808,4,133450,B.Com,70,MARKETING,HR
485,889,3,11101,B.Tech,89,HR,FINANCE
376,721,1,11102,B.Tech,64,FINANCE,OPERATIONS
495,808,5,11103,B.Tech,88,OPERATIONS,ANALYTICS
564,713,0,11104,B.Tech,76,ANALYTICS,MARKETING
302,980,5,11105,B.Sc.,57,MARKETING,HR
498,770,1,11106,B.Tech,60,HR,FINANCE
419,939,5,11107,B.Com,73,FINANCE,OPERATIONS
303,975,4,11108,B.Tech,71,OPERATIONS,ANALYTICS
519,748,0,11109,B.B.A,53,ANALYTICS,MARKETING
400,926,3,11110,B.Tech,55,MARKETING,HR
380,958,4,11111,B.E.,76,HR,FINANCE
410,701,0,11112,B.Com,90,FINANCE,OPERATIONS
516,849,5,11113,B.Tech,61,OPERATIONS,ANALYTICS
480,816,3,11114,B.Tech,56,ANALYTICS,MARKETING
484,747,5,11115,B.Tech,80,MARKETING,HR
522,883,1,11116,B.Tech,62,HR,FINANCE
308,975,0,11117,B.Tech,81,FINANCE,OPERATIONS
370,830,5,11118,B.Tech,80,OPERATIONS,ANALYTICS
335,910,5,11120,B.Tech,58,ANALYTICS,MARKETING
517,929,2,11121,B.Tech,68,MARKETING,HR
417,965,5,11122,B.Tech,78,HR,FINANCE
340,904,3,11123,B.Tech,89,FINANCE,OPERATIONS
366,742,0,11124,B.Tech,85,OPERATIONS,ANALYTICS
318,865,4,11125,B.E.,51,ANALYTICS,MARKETING
529,924,0,11126,B.Tech,88,MARKETING,HR
325,710,1,11127,B.Tech,88,HR,FINANCE
393,773,4,11128,B.Tech,67,FINANCE,OPERATIONS
378,880,3,11129,B.Tech,64,OPERATIONS,ANALYTICS
370,974,0,11130,B.Tech,62,ANALYTICS,MARKETING
311,930,4,11131,B.Tech,57,MARKETING,HR
338,794,5,11132,B.B.A,84,HR,FINANCE
584,895,0,11133,B.Com,79,FINANCE,OPERATIONS
334,834,4,11134,B.Tech,75,OPERATIONS,ANALYTICS
370,786,5,11135,B.Com,66,ANALYTICS,MARKETING
339,907,0,11136,B.Tech,50,MARKETING,HR
478,801,1,11137,B.B.A,83,HR,FINANCE
435,932,4,11138,B.Tech,56,FINANCE,OPERATIONS
339,975,3,11139,B.Tech,76,OPERATIONS,ANALYTICS
426,830,0,11140,B.Com,66,ANALYTICS,MARKETING
579,805,5,11141,B.E.,51,MARKETING,HR
522,930,3,11142,B.Tech,77,HR,FINANCE
539,810,2,11143,B.Tech,72,FINANCE,OPERATIONS
475,921,5,11145,B.Tech,54,OPERATIONS,ANALYTICS
448,862,0,11146,B.Com,67,ANALYTICS,MARKETING
386,933,2,11147,BBA,69,MARKETING,HR
465,884,5,11148,B.A.(ECO),61,HR,FINANCE
376,860,5,11149,B.com,90,FINANCE,OPERATIONS
305,836,1,11150,B.Com,50,OPERATIONS,ANALYTICS
562,737,2,11151,B.Tech,86,ANALYTICS,MARKETING
469,846,0,11152,B.Com,62,MARKETING,HR
479,905,3,11153,B.B.A,57,HR,FINANCE
507,830,4,11154,B.Com,62,FINANCE,OPERATIONS
492,735,3,11155,B.Pharm,52,OPERATIONS,ANALYTICS
376,969,4,11156,BBM,84,ANALYTICS,MARKETING
580,712,1,11157,B.B.A,65,MARKETING,HR
428,925,4,11158,B.Tech,79,HR,FINANCE
434,982,4,11159,B.Tech,86,FINANCE,OPERATIONS
443,714,5,11160,B.Tech,75,OPERATIONS,ANALYTICS
549,711,2,11161,B.Pharm,67,ANALYTICS,MARKETING
381,955,0,11162,B.Com,83,MARKETING,HR
386,870,1,11163,B.Com,53,HR,FINANCE
353,793,3,11165,B.Tech,61,FINANCE,OPERATIONS
468,710,4,11166,B.Tech,80,OPERATIONS,ANALYTICS
578,712,4,11167,B.Tech,71,ANALYTICS,MARKETING
494,977,2,11168,B.Tech,59,MARKETING,HR
544,767,0,11169,B.com,56,HR,FINANCE
507,917,4,11170,B.Tech,50,FINANCE,OPERATIONS
440,885,4,11171,B.B.A,58,OPERATIONS,ANALYTICS
600,750,0,11172,B.B.A,52,ANALYTICS,MARKETING
578,744,1,11201,B.Com,77,MARKETING,HR
369,800,3,11202,B.Tech,56,HR,FINANCE
384,821,3,11203,B.Com,75,FINANCE,OPERATIONS
506,950,2,11204,B.Tech,50,OPERATIONS,ANALYTICS
554,949,3,11205,B.Sc.,60,ANALYTICS,MARKETING
396,859,5,11206,B.Com,62,MARKETING,HR
549,886,5,11207,B.Tech,70,HR,FINANCE
460,821,4,11208,B.Sc.,78,FINANCE,OPERATIONS
455,825,1,11210,B.Tech,81,OPERATIONS,ANALYTICS
323,796,4,11211,B.Tech,78,ANALYTICS,MARKETING
351,944,0,11213,B.Tech,89,MARKETING,HR
406,795,3,11214,B.Com,50,HR,FINANCE
460,888,0,11215,B.Tech,88,FINANCE,OPERATIONS
329,844,1,11216,B.Tech,53,OPERATIONS,ANALYTICS
484,899,5,11217,B.Tech,84,ANALYTICS,MARKETING
509,868,5,11218,B.Tech,67,MARKETING,HR
522,784,0,11219,B.Tech,75,HR,FINANCE
392,976,0,11220,B.Com,50,FINANCE,OPERATIONS
569,878,5,11221,B.Tech,52,OPERATIONS,ANALYTICS
344,992,1,11222,B.Tech,77,ANALYTICS,MARKETING
307,784,2,11223,B.Tech,68,MARKETING,HR
371,871,3,11224,B.Tech,63,HR,FINANCE
361,889,1,11225,B.Tech,65,FINANCE,OPERATIONS
484,965,1,11226,B.Sc.,66,OPERATIONS,ANALYTICS
320,879,3,11227,B.Tech,59,ANALYTICS,MARKETING
415,927,3,11228,B.Tech,81,MARKETING,HR
313,915,2,11229,B.E.,68,HR,FINANCE
592,862,1,11230,B.Sc.,64,FINANCE,OPERATIONS
405,904,0,11231,B.Tech,67,OPERATIONS,ANALYTICS
479,934,4,11232,B.Com,90,ANALYTICS,MARKETING
466,908,4,11233,B.Sc,82,MARKETING,HR
552,904,1,11234,B.Tech,69,HR,FINANCE
580,825,0,11235,B.Sc.,64,FINANCE,OPERATIONS
474,961,0,11237,B.Tech,56,OPERATIONS,ANALYTICS
441,932,0,11238,B.Pharm,73,ANALYTICS,MARKETING
395,747,0,11239,B.Tech,59,MARKETING,HR
390,863,2,11240,B.Tech,79,HR,FINANCE
335,892,3,11241,B.Tech,87,FINANCE,OPERATIONS
439,715,1,11242,B.Tech,62,OPERATIONS,ANALYTICS
490,873,2,11243,B.Com,65,ANALYTICS,MARKETING
582,733,0,11244,B.Tech ,78,MARKETING,HR
414,828,1,11245,B.E,71,HR,FINANCE
551,986,1,11246,B.Tech,65,FINANCE,OPERATIONS
309,975,0,11247,B.Tech,82,OPERATIONS,ANALYTICS
574,806,3,11248,B.Tech,72,ANALYTICS,MARKETING
512,831,5,11250,B.Tech,75,MARKETING,HR
545,973,0,11251,B.Sc.,87,HR,FINANCE
416,707,3,11252,B.Tech,74,FINANCE,OPERATIONS
413,975,2,11253,B.Tech,56,OPERATIONS,ANALYTICS
527,738,0,11255,B.Tech,81,ANALYTICS,MARKETING
510,958,5,11258,B.Com,74,MARKETING,HR
502,941,3,11259,B.Tech,59,HR,FINANCE
381,823,2,11304,B.Tech,65,FINANCE,OPERATIONS
541,766,5,11305,BBA,72,OPERATIONS,ANALYTICS
523,942,0,11307,B.Tech,71,ANALYTICS,MARKETING
399,968,4,11308,B.Tech,85,MARKETING,HR
524,796,0,11309,B.Tech,57,HR,FINANCE
468,981,3,11303,B.Tech,57,FINANCE,OPERATIONS
407,993,3,11310,B.Tech,66,OPERATIONS,ANALYTICS
402,858,1,11311,B.Tech,88,ANALYTICS,MARKETING
436,893,4,10133,B.Com,58,MARKETING,HR
517,703,2,10339,Bsc(Cs),71,HR,FINANCE
361,867,5,11312,B.Tech,79,FINANCE,OPERATIONS
548,991,0,11302,B.Tech,84,OPERATIONS,ANALYTICS
395,797,5,11306,B.Tech,58,ANALYTICS,MARKETING
521,844,4,11249,B.B.A,83,MARKETING,HR
485,777,5,11254,B.Tech,50,HR,FINANCE
433,967,0,11301,B.Tech,50,FINANCE,OPERATIONS
446,764,5,11119,B.Tech,52,OPERATIONS,ANALYTICS
410,976,5,11144,B.Tech,89,ANALYTICS,MARKETING
578,740,3,11260,B.Tech,68,MARKETING,HR
323,759,3,11313,B.Com,63,HR,FINANCE
348,784,3,11314,B.Tech,88,FINANCE,OPERATIONS
454,760,0,11315,B.Tech,52,OPERATIONS,ANALYTICS
512,705,3,11164,B.Pharm,87,ANALYTICS,MARKETING
519,828,0,11173,B.Com,64,MARKETING,HR
322,718,1,11209,B.tech,55,HR,FINANCE
308,866,2,9101,B.Com,80,FINANCE,OPERATIONS
535,808,2,9102,B.Tech,55,OPERATIONS,ANALYTICS
447,987,4,9103,B.Sc,85,ANALYTICS,MARKETING
525,955,0,9104,BBA,64,MARKETING,HR
535,827,4,9105,B.Sc.,55,HR,FINANCE
332,713,3,9106,B.Com,68,FINANCE,OPERATIONS
395,748,4,9107,B.E.,67,OPERATIONS,ANALYTICS
374,770,0,9108,B.Tech.,73,ANALYTICS,MARKETING
306,923,3,9109,B.Tech.,85,MARKETING,HR
329,710,2,9110,B.Tech.,59,HR,FINANCE
550,995,5,9111,B.C.A.,68,FINANCE,OPERATIONS
324,735,3,9112,B.Tech.,71,OPERATIONS,ANALYTICS
545,890,2,9113,B.B.A.,83,ANALYTICS,MARKETING
378,873,5,9114,B.Sc.,72,MARKETING,HR
399,928,5,9115,B.Tech.,64,HR,FINANCE
378,700,4,9116,B.Tech,64,FINANCE,OPERATIONS
386,823,4,9117,B.Com,84,OPERATIONS,ANALYTICS
385,860,1,9118,B.Tech.,89,ANALYTICS,MARKETING
353,748,5,9119,B.Com,64,MARKETING,HR
464,996,2,9120,B.Com,87,HR,FINANCE
569,851,2,9121,B.Tech.,52,FINANCE,OPERATIONS
415,940,0,9122,B.Tech.,51,OPERATIONS,ANALYTICS
496,813,3,9123,B.Tech.,54,ANALYTICS,MARKETING
326,747,1,9124,B.Com,66,MARKETING,HR
461,719,4,9125,B.E.,79,HR,FINANCE
406,779,5,9127,B.Com,68,FINANCE,OPERATIONS
308,995,4,9128,B.Tech.,56,OPERATIONS,ANALYTICS
329,873,4,9129,B.Com,87,ANALYTICS,MARKETING
544,730,4,9130,B.Tech.,87,MARKETING,HR
302,950,5,9131,BHMCT,51,HR,FINANCE
475,840,1,9132,B.Sc.,86,FINANCE,OPERATIONS
553,897,0,9133,B.Tech.,59,OPERATIONS,ANALYTICS
345,885,1,9134,B.Tech.,79,ANALYTICS,MARKETING
442,762,5,9135,B.Tech.,81,MARKETING,HR
406,792,0,9136,B.Tech.,87,HR,FINANCE
389,834,3,9137,B.Com,77,FINANCE,OPERATIONS
533,962,3,9138,B.Sc.,90,OPERATIONS,ANALYTICS
533,838,4,9139,B.Tech.,56,ANALYTICS,MARKETING
586,868,4,9140,B.Sc.,84,MARKETING,HR
590,898,3,9141,B.Pharm,82,HR,FINANCE
548,838,0,9142,B.Com,52,FINANCE,OPERATIONS
478,855,3,9143,B.Tech.,77,OPERATIONS,ANALYTICS
344,993,5,9144,B.Sc.,64,ANALYTICS,MARKETING
467,955,2,9145,B.B.A.,77,MARKETING,HR
504,837,1,9146,B.Tech.,66,HR,FINANCE
321,978,0,9147,B.Tech.,77,FINANCE,OPERATIONS
331,818,2,9148,B.Tech.,74,OPERATIONS,ANALYTICS
308,906,1,9149,B.Tech.,81,ANALYTICS,MARKETING
429,945,0,9150,B.Tech.,50,MARKETING,HR
351,877,3,9151,B.B.M.,58,HR,FINANCE
479,971,0,9152,B.Tech.,61,FINANCE,OPERATIONS
477,726,5,9153,B.B.A.,60,OPERATIONS,ANALYTICS
363,850,0,9154,B.B.A.,85,ANALYTICS,MARKETING
530,711,2,9155,B.Tech.,63,MARKETING,HR
308,1000,0,9156,B.Tech.,81,HR,FINANCE
378,823,5,9157,B.A.,55,FINANCE,OPERATIONS
354,760,0,9158,B.Sc.,63,OPERATIONS,ANALYTICS
583,978,3,9159,B.E.,82,ANALYTICS,MARKETING
552,953,5,9160,B.E.,59,MARKETING,HR
505,937,4,9161,B.Com,58,HR,FINANCE
555,957,0,9201,B.Sc.,50,FINANCE,OPERATIONS
509,762,1,9202,B.Tech.,73,OPERATIONS,ANALYTICS
403,869,0,9203,B.Tech.,82,ANALYTICS,MARKETING
524,922,4,9204,B.Tech.,66,MARKETING,HR
489,943,5,9205,B.Tech.,65,HR,FINANCE
359,863,0,9206,B.Tech.,57,FINANCE,OPERATIONS
435,819,0,9207,B.Com,74,OPERATIONS,ANALYTICS
431,787,4,9208,B.Tech.,57,ANALYTICS,MARKETING
313,707,0,9209,B.Pharm,56,MARKETING,HR
441,852,5,9210,B.Sc.,66,HR,FINANCE
484,715,0,9211,B.Tech.,72,FINANCE,OPERATIONS
540,815,4,9212,B.Com,80,OPERATIONS,ANALYTICS
376,818,3,9213,B.Tech.,73,ANALYTICS,MARKETING
393,797,4,9214,B.B.A.,76,MARKETING,HR
396,834,3,9215,B.Sc.,88,HR,FINANCE
308,890,2,9216,B.Pharm,53,FINANCE,OPERATIONS
535,786,2,9217,B.E.,87,OPERATIONS,ANALYTICS
532,778,5,9218,B.E.,75,ANALYTICS,MARKETING
551,967,0,9219,B.Com,71,MARKETING,HR
444,700,1,9221,B.Tech.,83,HR,FINANCE
312,807,1,9222,B.Com,56,FINANCE,OPERATIONS
561,940,0,9223,B.Sc.,87,OPERATIONS,ANALYTICS
433,801,3,9224,B.Tech.,85,ANALYTICS,MARKETING
555,791,1,9225,B.Sc.,69,MARKETING,HR
445,892,4,9226,B.P.T.,72,HR,FINANCE
522,863,5,9227,B.Tech.,62,FINANCE,OPERATIONS
370,818,3,9228,B.Tech.,79,OPERATIONS,ANALYTICS
426,826,0,9229,B.Sc.,76,ANALYTICS,MARKETING
522,789,3,9230,B.Pharm,55,MARKETING,HR
343,901,4,9231,B.Sc.,84,HR,FINANCE
409,748,5,9232,B.Com,78,FINANCE,OPERATIONS
351,921,4,9233,B.B.M.,86,OPERATIONS,ANALYTICS
404,922,3,9234,B.Com,61,ANALYTICS,MARKETING
525,825,1,9235,B.Tech,54,MARKETING,HR
323,916,4,9236,B.tech.,78,HR,FINANCE
412,782,4,9237,B.B.A.,79,FINANCE,OPERATIONS
592,979,0,9238,B.Com,59,OPERATIONS,ANALYTICS
324,753,2,9239,B.Com,75,ANALYTICS,MARKETING
423,754,2,9240,B.Tech.,89,MARKETING,HR
465,764,4,9241,B.Com,82,HR,FINANCE
418,804,1,9242,B.Com,52,FINANCE,OPERATIONS
531,846,4,9243,B.Tech.,60,OPERATIONS,ANALYTICS
497,765,1,9244,B.Sc.,85,ANALYTICS,MARKETING
415,873,5,9245,B.Tech,84,MARKETING,HR
409,826,1,9246,B.Com,54,HR,FINANCE
554,886,1,9247,B.Com,56,FINANCE,OPERATIONS
505,770,3,9248,B.Com,87,OPERATIONS,ANALYTICS
591,979,1,9249,B.Tech.,52,ANALYTICS,MARKETING
583,934,0,9250,B.E.,60,MARKETING,HR
504,969,5,9251,B.B.A.,79,HR,FINANCE
465,705,5,9252,B.Tech.,80,FINANCE,OPERATIONS
356,907,2,9253,B.Tech.,58,OPERATIONS,ANALYTICS
435,839,2,9254,B.Sc.,90,ANALYTICS,MARKETING
583,874,2,9255,B.B.M.,54,MARKETING,HR
317,918,4,9256,B.Com,51,HR,FINANCE
432,757,1,9257,B.E.,60,FINANCE,OPERATIONS
557,710,5,9258,B.Com,82,OPERATIONS,ANALYTICS
528,760,1,9259,B.B.M.,71,ANALYTICS,MARKETING
561,789,5,9261,B.Tech.,59,MARKETING,HR
356,786,4,9262,B.Tech.,74,HR,FINANCE
355,815,1,9021,B.Com,87,FINANCE,OPERATIONS
444,701,1,8941,B.Pharm,73,OPERATIONS,ANALYTICS
548,841,0,8821,B.Tech.,75,ANALYTICS,MARKETING
323,981,1,8701,B.B.A.,60,MARKETING,HR
459,804,1,8581,B.Sc.,86,HR,FINANCE
323,800,1,8461,B.Com,53,FINANCE,OPERATIONS
452,824,4,8341,B.Pharm,83,OPERATIONS,ANALYTICS
496,959,0,8221,B.Tech,79,ANALYTICS,MARKETING
453,902,5,8101,B.Tech.,90,MARKETING,HR
352,724,4,7981,B.Tech,73,HR,FINANCE
552,917,1,7861,B.E.,50,FINANCE,OPERATIONS
557,860,3,7741,BE,79,OPERATIONS,ANALYTICS
450,741,3,7621,B.Tech,83,ANALYTICS,MARKETING
400,815,1,7501,B.Com,52,MARKETING,HR
445,965,3,7381,B.E.,62,HR,FINANCE
480,761,2,7261,B.E.,53,FINANCE,OPERATIONS
547,776,2,7141,B.Tech,67,OPERATIONS,ANALYTICS
483,917,3,121101,BMS,81,ANALYTICS,MARKETING
484,967,4,121102,B.Com,86,MARKETING,HR
565,807,4,121104,B.Com,54,HR,FINANCE
455,776,3,121106,B.Com,52,FINANCE,OPERATIONS
398,987,0,121107,B.Tech,61,OPERATIONS,ANALYTICS
585,790,0,121108,BE,50,ANALYTICS,MARKETING
398,946,5,121109,B.Sc.,56,MARKETING,HR
575,810,3,121111,B.Tech,83,HR,FINANCE
596,960,3,121112,B.Com,58,FINANCE,OPERATIONS
497,811,5,121113,BBA,70,OPERATIONS,ANALYTICS
552,713,4,121114,B.Tech(cosmetic),68,ANALYTICS,MARKETING
491,924,3,121115,,66,MARKETING,HR
387,873,5,121116,B.com,53,HR,FINANCE
521,915,1,121117,B.Com,88,FINANCE,OPERATIONS
421,985,0,121118,B.Com,67,OPERATIONS,ANALYTICS
335,940,2,121121,B.Tech,71,ANALYTICS,MARKETING
317,723,5,121122,B.Tech,61,MARKETING,HR
434,841,4,121123,B.Com,58,HR,FINANCE
596,723,3,121124,B.Tech,60,FINANCE,OPERATIONS
334,847,5,121125,B.Tech,72,OPERATIONS,ANALYTICS
415,978,0,121126,B.Com,82,ANALYTICS,MARKETING
538,893,0,121127,B.Tech,72,MARKETING,HR
440,900,2,121128,B.Tech,90,HR,FINANCE
496,709,4,121129,B.Tech,77,FINANCE,OPERATIONS
562,742,1,121130,B.Tech,60,OPERATIONS,ANALYTICS
369,767,1,121131,B.Tech,69,ANALYTICS,MARKETING
549,928,3,121132,B.Tech,74,MARKETING,HR
379,883,2,121133,B.Tech,59,HR,FINANCE
527,779,5,121134,B.Com,80,FINANCE,OPERATIONS
418,972,0,121136,B.Tech,68,OPERATIONS,ANALYTICS
375,914,4,121137,B.Tech,70,ANALYTICS,MARKETING
379,769,3,121138,B.Tech,88,MARKETING,HR
580,798,3,121139,B.Tech,89,HR,FINANCE
598,743,0,121140,B.B.M,72,FINANCE,OPERATIONS
571,722,5,121141,B.Tech,66,OPERATIONS,ANALYTICS
521,749,0,121145,B.Tech,79,ANALYTICS,MARKETING
492,729,5,121146,B.B.M,50,MARKETING,HR
575,798,2,121149,B.Tech,51,HR,FINANCE
419,926,0,121150,B.Tech,80,FINANCE,OPERATIONS
490,932,0,121151,B.Tech,82,OPERATIONS,ANALYTICS
563,876,3,121152,B.Tech,75,ANALYTICS,MARKETING
420,945,2,121155,B.Com,79,MARKETING,HR
563,765,3,121159,B.E.,68,HR,FINANCE
412,727,4,121203,B.Tech,80,FINANCE,OPERATIONS
345,921,1,121207,B.E.,67,OPERATIONS,ANALYTICS
545,816,4,121208,B.Tech,79,ANALYTICS,MARKETING
564,984,3,121209,B.Tech,84,MARKETING,HR
354,801,2,121210,B.Com,55,HR,FINANCE
482,744,0,121211,B.Tech,84,FINANCE,OPERATIONS
560,942,3,121212,B.Tech,85,OPERATIONS,ANALYTICS
336,705,5,121213,B.Tech,53,ANALYTICS,MARKETING
534,946,0,121215,B.Tech,67,MARKETING,HR
584,824,3,121216,B.Tech,80,HR,FINANCE
376,780,4,121217,B.Tech,88,FINANCE,OPERATIONS
499,767,5,121218,NCHMCT,53,OPERATIONS,ANALYTICS
577,797,4,121219,B.B.A,66,ANALYTICS,MARKETING
394,876,0,121221,B.Tech,80,MARKETING,HR
469,894,3,121222,B.Tech,77,HR,FINANCE
308,844,0,121223,B.Tech,70,FINANCE,OPERATIONS
578,857,5,121225,B.E.,83,OPERATIONS,ANALYTICS
461,850,4,121226,B.E.,67,ANALYTICS,MARKETING
585,897,1,121228,B.Com,66,MARKETING,HR
509,938,2,121229,B.Tech,52,HR,FINANCE
561,929,1,121231,B.Com,60,FINANCE,OPERATIONS
362,926,5,121232,B.Pharm,87,OPERATIONS,ANALYTICS
304,957,2,121234,B.Tech,88,ANALYTICS,MARKETING
563,967,3,121236,B.Tech,61,MARKETING,HR
331,870,1,121237,B.HM& Tou,68,HR,FINANCE
546,960,3,121238,B.E.,79,FINANCE,OPERATIONS
408,709,5,121240,B.Tech,60,OPERATIONS,ANALYTICS
324,748,1,121241,B.Com,65,ANALYTICS,MARKETING
506,959,1,121245,B.Tech,77,MARKETING,HR
368,756,5,121242,B.Tech,55,HR,FINANCE
504,862,0,121246,B.Tech,78,FINANCE,OPERATIONS
326,789,4,121247,B.Tech,71,OPERATIONS,ANALYTICS
581,713,3,121249,B.Tech,61,ANALYTICS,MARKETING
409,733,1,121250,B.Tech,50,MARKETING,HR
418,771,2,121251,B.Com,69,HR,FINANCE
577,850,2,121252,B.Tech,74,FINANCE,OPERATIONS
359,898,0,121253,B.Tech,83,OPERATIONS,ANALYTICS
474,987,5,121301,B.Tech,73,ANALYTICS,MARKETING
516,790,2,121303,B.Tech,50,MARKETING,HR
563,751,3,121304,B.Sc.,81,HR,FINANCE
400,884,5,121305,B.Tech,86,FINANCE,OPERATIONS
389,843,2,121306,B.Com,53,OPERATIONS,ANALYTICS
594,875,0,121307,B.Tech,65,ANALYTICS,MARKETING
323,975,3,121308,B.B.A,81,MARKETING,HR
320,752,0,121312,B.Tech,62,HR,FINANCE
558,953,1,121314,B.E.,59,FINANCE,OPERATIONS
539,779,5,121315,B.Com,87,OPERATIONS,ANALYTICS
536,994,2,121316,B.Tech,73,ANALYTICS,MARKETING
497,824,3,121317,B.Tech,55,MARKETING,HR
335,782,1,121318,B.Tech,62,HR,FINANCE
580,717,2,121319,B.Tech,67,FINANCE,OPERATIONS
528,777,4,121320,B.Tech,74,OPERATIONS,ANALYTICS
436,821,2,121321,B.Tech,90,ANALYTICS,MARKETING
483,739,1,121322,B.Tech,74,MARKETING,HR
438,839,4,121323,B.Tech,80,HR,FINANCE
548,751,3,121324,B.Tech,57,FINANCE,OPERATIONS
489,817,0,121325,B.Tech,86,OPERATIONS,ANALYTICS
373,704,0,121326,B.Tech,82,ANALYTICS,MARKETING
496,865,1,121327,B.E.,53,MARKETING,HR
353,819,5,121328,B.Tech,89,HR,FINANCE
530,968,3,121329,B.Tech,67,FINANCE,OPERATIONS
459,759,5,121330,B.Tech,53,OPERATIONS,ANALYTICS
391,815,4,121331,B.Tech,58,ANALYTICS,MARKETING
426,795,1,121332,B.Tech,84,MARKETING,HR
334,863,0,121334,B.Tech,87,HR,FINANCE
442,773,2,121335,B.B.A,52,FINANCE,OPERATIONS
537,702,2,121336,B.Com,64,OPERATIONS,ANALYTICS
390,929,2,121338,B.Tech,52,ANALYTICS,MARKETING
332,829,2,121339,B.Com,88,MARKETING,HR
371,867,5,121340,B.Tech,69,HR,FINANCE
534,756,2,121342,B.B.A,61,FINANCE,OPERATIONS
523,996,1,121343,B.Tech,84,OPERATIONS,ANALYTICS
324,775,0,121344,B.Tech,83,ANALYTICS,MARKETING
302,796,3,121345,B.Com,85,MARKETING,HR
528,855,4,121346,B.E.,88,HR,FINANCE
499,813,0,121346,B.Tech,78,FINANCE,OPERATIONS
447,968,5,121348,B.Tech,57,OPERATIONS,ANALYTICS
416,920,1,121349,B.Tech,72,ANALYTICS,MARKETING
522,800,1,121350,B.Com,59,MARKETING,HR
342,958,4,121351,BBA,73,HR,FINANCE
320,712,3,121357,B.A.(ECO),77,FINANCE,OPERATIONS
305,877,3,121359,B.com,72,OPERATIONS,ANALYTICS
414,753,5,121408,B.Com,52,ANALYTICS,MARKETING
332,705,1,121413,B.Tech,55,MARKETING,HR
567,742,1,121418,B.Com,56,HR,FINANCE
442,780,4,121419,B.B.A,84,FINANCE,OPERATIONS
439,814,1,121420,B.Com,68,OPERATIONS,ANALYTICS
550,889,3,121441,B.Pharm,87,ANALYTICS,MARKETING
464,780,5,122103,BBM,86,MARKETING,HR
446,782,2,122110,B.B.A,86,HR,FINANCE
466,969,1,122142,B.Tech,79,FINANCE,OPERATIONS
580,986,5,122148,B.Tech,65,OPERATIONS,ANALYTICS
594,863,4,122158,B.Tech,84,ANALYTICS,MARKETING
355,905,2,122160,B.Pharm,54,MARKETING,HR
535,850,0,122202,B.Com,63,HR,FINANCE
314,820,1,122204,B.Com,72,FINANCE,OPERATIONS
347,902,4,122233,B.Tech,81,OPERATIONS,ANALYTICS
469,878,5,122258,B.Tech,67,ANALYTICS,MARKETING
525,784,5,122302,B.Tech,81,MARKETING,HR
374,712,0,122360,B.Tech,65,HR,FINANCE
338,830,3,122402,B.com,80,FINANCE,OPERATIONS
577,722,5,122421,B.Tech,70,OPERATIONS,ANALYTICS
590,830,1,122424,B.B.A,61,ANALYTICS,MARKETING
329,843,0,122436,B.B.A,72,MARKETING,HR
481,729,4,123105,B.Com,50,HR,FINANCE
385,807,2,123120,B.Tech,51,FINANCE,OPERATIONS
415,926,3,123144,B.Com,83,OPERATIONS,ANALYTICS
473,754,1,123144,B.Tech,78,ANALYTICS,MARKETING
458,979,4,123153,B.Sc.,89,MARKETING,HR
347,821,0,123156,B.Com,84,HR,FINANCE
544,854,0,123201,B.Tech,55,FINANCE,OPERATIONS
367,982,5,123214,B.Sc.,83,OPERATIONS,ANALYTICS
548,826,0,123224,B.Tech,57,ANALYTICS,MARKETING
383,762,2,123230,B.Tech,59,MARKETING,HR
570,843,1,123243,B.Tech,67,HR,FINANCE
378,894,1,123254,B.Com,82,FINANCE,OPERATIONS
466,866,0,123255,B.Tech,55,OPERATIONS,ANALYTICS
577,723,2,123256,B.Tech,60,ANALYTICS,MARKETING
397,822,3,123257,B.Tech,86,MARKETING,HR
418,739,1,123260,B.Tech,55,HR,FINANCE
514,900,1,123309,B.Tech,85,FINANCE,OPERATIONS
586,757,0,123311,B.Com,82,OPERATIONS,ANALYTICS
383,725,4,123313,B.Tech,59,ANALYTICS,MARKETING
463,946,3,123333,B.Tech,59,MARKETING,HR
495,899,0,123337,B.Tech,66,HR,FINANCE
448,761,5,123341,B.Tech,65,FINANCE,OPERATIONS
459,830,3,123352,B.Tech,87,OPERATIONS,ANALYTICS
398,923,4,123353,B.Sc.,59,ANALYTICS,MARKETING
429,730,3,123354,B.Tech,65,MARKETING,HR
586,712,1,123355,B.Tech,79,HR,FINANCE
384,963,4,123356,B.E.,66,FINANCE,OPERATIONS
514,728,2,123358,B.Sc.,83,OPERATIONS,ANALYTICS
594,726,1,123401,B.Tech,89,ANALYTICS,MARKETING
357,735,5,123404,B.Com,67,MARKETING,HR
600,731,4,123407,B.Sc,70,HR,FINANCE
322,851,3,123409,B.Tech,65,FINANCE,OPERATIONS
402,915,3,123411,B.Sc.,62,OPERATIONS,ANALYTICS
586,801,5,123412,B.Tech,76,ANALYTICS,MARKETING
426,873,0,123416,B.Pharm,66,MARKETING,HR
382,972,0,123422,B.Tech,73,HR,FINANCE
323,869,1,123423,B.Tech,68,FINANCE,OPERATIONS
502,915,5,123425,B.Tech,85,OPERATIONS,ANALYTICS
431,777,5,123426,B.Tech,53,ANALYTICS,MARKETING
591,972,4,123428,B.Com,54,MARKETING,HR
447,768,4,123429,B.Tech ,54,HR,FINANCE
498,867,4,123430,B.E,50,FINANCE,OPERATIONS
319,829,0,123431,B.Tech,58,OPERATIONS,ANALYTICS
485,908,0,123432,B.Tech,82,ANALYTICS,MARKETING
370,948,4,123433,B.Tech,53,MARKETING,HR
488,707,1,123434,B.Tech,89,HR,FINANCE
346,727,5,123437,B.Sc.,90,FINANCE,OPERATIONS
312,908,5,123438,B.Tech,73,OPERATIONS,ANALYTICS
458,710,1,123440,B.Tech,77,ANALYTICS,MARKETING
316,769,5,123443,B.Tech,71,MARKETING,HR
365,816,4,123444,B.Com,77,HR,FINANCE
316,765,0,123445,B.Tech,64,FINANCE,OPERATIONS
339,760,4,123446,B.Tech,83,OPERATIONS,ANALYTICS
513,750,0,123447,BBA,68,ANALYTICS,MARKETING
545,800,5,9311,B.Tech,50,MARKETING,HR
312,704,3,9312,B.Tech,88,HR,FINANCE
448,796,3,9313,B.Tech,74,FINANCE,OPERATIONS
482,955,5,9314,B.Tech,67,OPERATIONS,ANALYTICS
343,724,1,9315,B.Tech,83,ANALYTICS,MARKETING
533,858,1,9316,B.Tech,78,MARKETING,HR
530,730,0,9317,B.Com,57,HR,FINANCE
592,750,3,9318,Bsc(Cs),71,FINANCE,OPERATIONS
502,815,1,9319,B.Tech,89,OPERATIONS,ANALYTICS
546,971,4,9320,B.Tech,84,ANALYTICS,MARKETING
319,759,3,9321,B.Tech,86,MARKETING,HR
427,974,3,9322,B.B.A,66,HR,FINANCE
516,978,5,9323,B.Tech,68,FINANCE,OPERATIONS
518,918,3,9324,B.Tech,61,OPERATIONS,ANALYTICS
465,958,2,9325,B.Tech,65,ANALYTICS,MARKETING
352,913,3,9326,B.Tech,56,MARKETING,HR
357,920,2,9327,B.Tech,59,HR,FINANCE
370,730,5,9328,B.Com,86,FINANCE,OPERATIONS
539,759,1,9329,B.Tech,54,OPERATIONS,ANALYTICS
372,986,4,9330,B.Tech,89,ANALYTICS,MARKETING
492,850,3,9331,B.Pharm,68,MARKETING,HR
540,734,4,9332,B.Com,57,HR,FINANCE
528,739,0,9333,B.tech,70,FINANCE,OPERATIONS
371,771,4,9334,B.Com,72,OPERATIONS,ANALYTICS
582,783,0,9335,B.Tech,75,ANALYTICS,MARKETING
506,858,0,9336,B.Sc,83,MARKETING,HR
533,965,0,9337,BBA,58,HR,FINANCE
323,818,3,9338,B.Sc.,67,FINANCE,OPERATIONS
439,937,5,9339,B.Com,84,OPERATIONS,ANALYTICS
538,886,5,9340,B.E.,62,ANALYTICS,MARKETING
374,898,4,9341,B.Tech.,72,MARKETING,HR
304,986,3,9342,B.Tech.,86,HR,FINANCE
526,724,4,9343,B.Tech.,66,FINANCE,OPERATIONS
573,999,3,9344,B.C.A.,86,OPERATIONS,ANALYTICS
411,737,4,9345,B.Tech.,75,ANALYTICS,MARKETING
309,975,2,9346,B.B.A.,75,MARKETING,HR
533,708,3,9347,B.Sc.,59,HR,FINANCE
402,993,3,9348,B.Tech.,80,FINANCE,OPERATIONS
520,917,2,9349,B.Tech,76,OPERATIONS,ANALYTICS
570,882,5,9350,B.Com,60,ANALYTICS,MARKETING
537,809,0,9351,B.Tech.,86,MARKETING,HR
385,867,2,9352,B.Com,56,HR,FINANCE
345,884,0,9353,B.Com,69,FINANCE,OPERATIONS
499,833,3,9354,B.Tech.,90,OPERATIONS,ANALYTICS
401,921,5,9355,B.Tech.,61,ANALYTICS,MARKETING
359,733,2,9356,B.Tech.,72,MARKETING,HR
532,808,0,9357,B.Com,62,HR,FINANCE
423,913,2,9358,B.E.,68,FINANCE,OPERATIONS
423,763,5,9359,B.Com,60,OPERATIONS,ANALYTICS
593,874,3,9360,B.Tech.,62,ANALYTICS,MARKETING
435,729,1,9361,B.Com,89,MARKETING,HR
491,968,5,9362,B.Tech.,80,HR,FINANCE
409,975,5,9363,BHMCT,54,FINANCE,OPERATIONS
513,825,2,9364,B.Sc.,72,OPERATIONS,ANALYTICS
491,753,0,9365,B.Tech.,51,ANALYTICS,MARKETING
449,810,5,9366,B.Tech.,81,MARKETING,HR
469,873,1,9367,B.Tech.,68,HR,FINANCE
391,878,5,9368,B.Tech.,56,FINANCE,OPERATIONS
554,764,5,9369,B.Com,72,OPERATIONS,ANALYTICS
453,962,1,9370,B.Sc.,75,ANALYTICS,MARKETING
473,959,3,9371,B.Tech.,57,MARKETING,HR
350,910,0,9372,B.Sc.,85,HR,FINANCE
328,713,1,9373,B.Pharm,76,FINANCE,OPERATIONS
509,947,5,9374,B.Com,54,OPERATIONS,ANALYTICS
593,767,1,9375,B.Tech.,89,ANALYTICS,MARKETING
409,751,2,9376,B.Sc.,84,MARKETING,HR
354,996,2,9377,B.B.A.,73,HR,FINANCE
573,960,1,9378,B.Tech.,81,FINANCE,OPERATIONS
512,865,5,9379,B.Tech.,87,OPERATIONS,ANALYTICS
324,822,4,9380,B.Tech.,69,ANALYTICS,MARKETING
479,858,2,9381,B.Tech.,89,MARKETING,HR
320,734,1,9382,B.Tech.,80,HR,FINANCE
598,801,0,9383,B.B.M.,75,FINANCE,OPERATIONS
582,948,4,9384,B.Tech.,88,OPERATIONS,ANALYTICS
351,838,0,9385,B.B.A.,55,ANALYTICS,MARKETING
539,886,3,9386,B.B.A.,74,MARKETING,HR
379,857,2,9387,B.Tech.,88,HR,FINANCE
495,842,2,9388,B.Tech.,78,FINANCE,OPERATIONS
556,802,0,9389,B.A.,54,OPERATIONS,ANALYTICS
369,841,5,9390,B.Sc.,89,ANALYTICS,MARKETING
479,753,0,9391,B.E.,77,MARKETING,HR
393,869,5,9392,B.E.,54,HR,FINANCE
457,780,5,9393,B.Com,64,FINANCE,OPERATIONS
530,946,1,9394,B.Sc.,59,OPERATIONS,ANALYTICS
368,825,3,9395,B.Tech.,54,ANALYTICS,MARKETING
504,811,0,9396,B.Tech.,68,MARKETING,HR
497,834,0,9397,B.Tech.,83,HR,FINANCE
328,759,2,9398,B.Tech.,87,FINANCE,OPERATIONS
444,748,2,9399,B.Tech.,86,OPERATIONS,ANALYTICS
539,926,1,9400,B.Com,56,ANALYTICS,MARKETING
399,731,3,9401,B.Tech.,66,MARKETING,HR
334,781,5,9402,B.Pharm,84,HR,FINANCE
344,995,1,9403,B.Sc.,78,FINANCE,OPERATIONS
552,906,5,9404,B.Tech.,56,OPERATIONS,ANALYTICS
574,900,0,9405,B.Com,68,ANALYTICS,MARKETING
430,959,0,9406,B.Tech.,68,MARKETING,HR
537,834,2,9407,B.B.A.,57,HR,FINANCE
391,747,2,9408,B.Sc.,64,FINANCE,OPERATIONS
328,758,5,9409,B.Pharm,89,OPERATIONS,ANALYTICS
332,987,0,9410,B.E.,61,ANALYTICS,MARKETING
543,849,1,9411,B.E.,59,MARKETING,HR
585,883,1,9412,B.Com,82,HR,FINANCE
355,812,3,9413,B.Tech.,76,FINANCE,OPERATIONS
529,850,4,9414,B.Com,66,OPERATIONS,ANALYTICS
322,928,4,9415,B.Sc.,62,ANALYTICS,MARKETING
350,998,2,9416,B.Tech.,73,MARKETING,HR
482,706,5,9417,B.Sc.,78,HR,FINANCE
420,830,4,9418,B.P.T.,74,FINANCE,OPERATIONS
566,768,1,9419,B.Tech.,70,OPERATIONS,ANALYTICS
313,974,4,9420,B.Tech.,89,ANALYTICS,MARKETING
378,812,3,9421,B.Sc.,53,MARKETING,HR
372,878,5,9422,B.Pharm,71,HR,FINANCE
343,924,1,9423,B.Sc.,88,FINANCE,OPERATIONS
464,741,0,9424,B.Com,83,OPERATIONS,ANALYTICS
489,955,0,9425,B.B.M.,74,ANALYTICS,MARKETING
533,889,1,9426,B.Com,77,MARKETING,HR
456,752,0,9427,B.Tech,50,HR,FINANCE
435,952,1,9428,B.tech.,50,FINANCE,OPERATIONS
513,944,3,9429,B.B.A.,71,OPERATIONS,ANALYTICS
314,906,4,9430,B.Com,80,ANALYTICS,MARKETING
372,902,0,9431,B.Com,72,MARKETING,HR
312,730,4,9432,B.Tech.,82,HR,FINANCE
507,884,1,9433,B.Com,55,FINANCE,OPERATIONS
450,707,0,9434,B.Com,55,OPERATIONS,ANALYTICS
463,926,2,9435,B.Tech.,77,ANALYTICS,MARKETING
592,874,4,9436,B.Sc.,68,MARKETING,HR
401,935,0,9437,B.Tech,53,HR,FINANCE
536,865,1,9438,B.Com,53,FINANCE,OPERATIONS
367,982,4,9439,B.Com,63,OPERATIONS,ANALYTICS
504,802,0,9440,B.Com,65,ANALYTICS,MARKETING
434,830,2,9441,B.Tech.,63,MARKETING,HR
408,727,4,9442,B.E.,55,HR,FINANCE
541,905,1,9443,B.B.A.,62,FINANCE,OPERATIONS
502,739,5,9444,B.Tech.,67,OPERATIONS,ANALYTICS
340,960,0,9445,B.Tech.,75,ANALYTICS,MARKETING
461,934,4,9446,B.Sc.,83,MARKETING,HR
393,933,1,9447,B.B.M.,79,HR,FINANCE
303,771,0,9448,B.Com,80,FINANCE,OPERATIONS
452,887,2,9449,B.E.,62,OPERATIONS,ANALYTICS
450,788,0,9450,B.Com,56,ANALYTICS,MARKETING
314,908,2,9451,B.B.M.,84,MARKETING,HR
538,936,2,9452,B.Tech.,78,HR,FINANCE
501,883,3,9453,B.Tech.,81,FINANCE,OPERATIONS
490,734,0,9454,B.Com,61,OPERATIONS,ANALYTICS
433,935,5,9455,B.Pharm,80,ANALYTICS,MARKETING
520,923,0,9456,B.Tech.,50,MARKETING,HR
377,934,3,9457,B.B.A.,67,HR,FINANCE
492,859,0,9458,B.Sc.,87,FINANCE,OPERATIONS
324,772,0,9459,B.Com,77,OPERATIONS,ANALYTICS
443,928,1,9460,B.Pharm,64,ANALYTICS,MARKETING
326,732,5,9461,B.Tech,55,MARKETING,HR
438,845,1,9462,B.Tech.,61,HR,FINANCE
355,900,2,9463,B.Tech,50,FINANCE,OPERATIONS
594,911,2,9464,B.E.,68,OPERATIONS,ANALYTICS
590,981,3,9465,BE,72,ANALYTICS,MARKETING
350,724,5,9466,B.Tech,58,MARKETING,HR
495,800,4,9467,B.Com,65,HR,FINANCE
549,954,1,9468,B.E.,70,FINANCE,OPERATIONS
564,851,5,9469,B.E.,81,OPERATIONS,ANALYTICS
581,801,1,9470,B.Tech,71,ANALYTICS,MARKETING
380,898,4,9471,BMS,53,MARKETING,HR
589,903,0,9472,B.Com,70,HR,FINANCE
442,907,1,9473,B.Com,75,FINANCE,OPERATIONS
431,897,2,9474,B.Com,84,OPERATIONS,ANALYTICS
552,753,4,9475,B.Tech,51,ANALYTICS,MARKETING
539,787,5,9476,BE,57,MARKETING,HR
330,874,0,9477,B.Sc.,58,HR,FINANCE
462,997,5,9478,B.Tech,61,FINANCE,OPERATIONS
588,762,2,9479,B.Com,50,OPERATIONS,ANALYTICS
347,722,4,9480,BBA,79,ANALYTICS,MARKETING
475,803,3,9481,B.Tech(cosmetic),77,MARKETING,HR
497,724,1,9482,,74,HR,FINANCE
550,789,5,9483,B.com,62,FINANCE,OPERATIONS
441,768,0,9484,B.Com,81,OPERATIONS,ANALYTICS
535,784,0,9485,B.Com,67,ANALYTICS,MARKETING
441,739,2,9486,B.Tech,65,MARKETING,HR
312,787,1,9487,B.Tech,77,HR,FINANCE
538,880,0,9488,B.Com,55,FINANCE,OPERATIONS
373,772,0,9489,B.Tech,83,OPERATIONS,ANALYTICS
410,722,4,9490,B.Tech,75,ANALYTICS,MARKETING
445,883,2,1001,B.Com,62,MARKETING,HR
452,862,0,1002,B.Tech,61,HR,FINANCE
497,971,3,1003,B.Tech,60,FINANCE,OPERATIONS
451,986,2,1004,B.Tech,52,OPERATIONS,ANALYTICS
338,802,4,1005,B.Tech,52,ANALYTICS,MARKETING
473,877,0,1006,B.Tech,70,MARKETING,HR
442,754,0,1007,B.Tech,74,HR,FINANCE
372,904,5,1008,B.Tech,59,FINANCE,OPERATIONS
380,734,1,1009,B.Com,77,OPERATIONS,ANALYTICS
316,967,0,1010,B.Tech,72,ANALYTICS,MARKETING
479,714,4,1011,B.Tech,56,MARKETING,HR
487,932,3,1012,B.Tech,90,HR,FINANCE
499,969,2,1013,B.Tech,50,FINANCE,OPERATIONS
519,916,4,1014,B.B.M,72,OPERATIONS,ANALYTICS
503,716,2,1015,B.Tech,79,ANALYTICS,MARKETING
555,812,3,1016,B.Tech,62,MARKETING,HR
503,819,2,1017,B.B.M,61,HR,FINANCE
578,718,5,1018,B.Tech,79,FINANCE,OPERATIONS
414,985,2,1019,B.Tech,55,OPERATIONS,ANALYTICS
367,898,2,1020,B.Tech,70,ANALYTICS,MARKETING
570,940,3,1021,B.Tech,53,MARKETING,HR
578,932,5,1022,B.Com,55,HR,FINANCE
429,959,1,1023,B.E.,52,FINANCE,OPERATIONS
552,996,0,1024,B.Tech,54,OPERATIONS,ANALYTICS
574,862,2,1025,B.E.,56,ANALYTICS,MARKETING
589,739,0,1026,B.Tech,64,MARKETING,HR
524,863,1,1027,B.Tech,85,HR,FINANCE
521,912,4,1028,B.Com,90,FINANCE,OPERATIONS
329,905,2,1029,B.Tech,80,OPERATIONS,ANALYTICS
518,942,5,1030,B.Tech,83,ANALYTICS,MARKETING
325,949,5,1031,B.Tech,80,MARKETING,HR
492,788,0,1032,B.Tech,58,HR,FINANCE
378,874,3,1033,B.Tech,68,FINANCE,OPERATIONS
585,764,2,1034,B.Tech,57,OPERATIONS,ANALYTICS
378,755,2,1035,NCHMCT,56,ANALYTICS,MARKETING
509,704,5,1036,B.B.A,52,MARKETING,HR
563,865,4,1037,B.Tech,63,HR,FINANCE
379,706,5,1038,B.Tech,61,FINANCE,OPERATIONS
524,953,5,1039,B.Tech,67,OPERATIONS,ANALYTICS
490,917,3,1040,B.E.,72,ANALYTICS,MARKETING
596,977,4,1041,B.E.,70,MARKETING,HR
593,878,0,1042,B.Com,54,HR,FINANCE
497,703,1,1043,B.Tech,51,FINANCE,OPERATIONS
520,764,4,1044,B.Com,63,OPERATIONS,ANALYTICS
573,881,1,1045,B.Pharm,55,ANALYTICS,MARKETING
465,721,3,1046,B.Tech,52,MARKETING,HR
320,850,3,1047,B.Tech,62,HR,FINANCE
383,998,5,1048,B.HM& Tou,69,FINANCE,OPERATIONS
350,926,4,1049,B.E.,81,OPERATIONS,ANALYTICS
378,900,3,1050,B.Tech,52,ANALYTICS,MARKETING
403,952,5,1051,B.Com,56,MARKETING,HR
387,911,4,1052,B.Tech,68,HR,FINANCE
302,990,4,1053,B.Tech,70,FINANCE,OPERATIONS
364,823,0,1054,B.Tech,56,OPERATIONS,ANALYTICS
551,832,3,1055,B.Tech,89,ANALYTICS,MARKETING
438,829,3,1056,B.Tech,60,MARKETING,HR
352,901,1,1057,B.Tech,65,HR,FINANCE
333,922,0,1058,B.Com,56,FINANCE,OPERATIONS
460,879,0,1059,B.Tech,68,OPERATIONS,ANALYTICS
549,959,0,1060,B.Tech,79,ANALYTICS,MARKETING
455,821,5,1061,B.Tech,84,MARKETING,HR
479,862,5,1062,B.Tech,57,HR,FINANCE
315,985,5,1063,B.Sc.,57,FINANCE,OPERATIONS
427,935,0,1064,B.Tech,89,OPERATIONS,ANALYTICS
542,964,1,1065,B.Com,66,ANALYTICS,MARKETING
409,898,1,1066,B.Tech,75,MARKETING,HR
561,925,1,1067,B.B.A,53,HR,FINANCE
434,752,5,1068,B.Tech,77,FINANCE,OPERATIONS
573,862,5,1069,B.E.,77,OPERATIONS,ANALYTICS
429,899,4,1022,B.Com,84,ANALYTICS,MARKETING
312,759,5,1023,B.Tech,65,MARKETING,HR
308,800,4,1024,B.Tech,80,HR,FINANCE
440,960,5,1025,B.Tech,89,FINANCE,OPERATIONS
445,791,4,1026,B.Tech,73,OPERATIONS,ANALYTICS
513,909,2,1027,B.Tech,64,ANALYTICS,MARKETING
599,834,2,1028,B.Tech,74,MARKETING,HR
466,950,4,1029,B.Tech,52,HR,FINANCE
539,814,1,1030,B.Tech,70,FINANCE,OPERATIONS
339,829,1,1031,B.Tech,65,OPERATIONS,ANALYTICS
541,793,1,1032,B.Tech,72,ANALYTICS,MARKETING
367,833,5,1033,B.Tech,57,MARKETING,HR
369,864,0,1034,B.E.,74,HR,FINANCE
579,707,3,1035,B.Tech,80,FINANCE,OPERATIONS
341,806,5,1036,B.Tech,59,OPERATIONS,ANALYTICS
371,855,2,1037,B.Tech,85,ANALYTICS,MARKETING
584,933,5,1038,B.Tech,61,MARKETING,HR
591,963,3,1039,B.Tech,85,HR,FINANCE
597,858,4,1040,B.Tech,67,FINANCE,OPERATIONS
479,734,0,1041,B.B.A,56,OPERATIONS,ANALYTICS
300,955,5,1042,B.Com,78,ANALYTICS,MARKETING
401,701,1,1043,B.Tech,80,MARKETING,HR
353,810,0,1044,B.Com,82,HR,FINANCE
453,871,3,1045,B.Tech,64,FINANCE,OPERATIONS
310,864,5,1046,B.B.A,89,OPERATIONS,ANALYTICS
436,874,4,1047,B.Tech,71,ANALYTICS,MARKETING
395,769,1,1048,B.Tech,78,MARKETING,HR
305,832,5,1049,B.Com,70,HR,FINANCE
387,746,3,1050,B.E.,55,FINANCE,OPERATIONS
478,1000,4,1051,B.Tech,64,OPERATIONS,ANALYTICS
504,862,4,1052,B.Tech,59,ANALYTICS,MARKETING
594,803,5,1053,B.Tech,74,MARKETING,HR
449,703,2,1054,B.Com,56,HR,FINANCE
418,908,5,1055,BBA,73,FINANCE,OPERATIONS
516,944,0,1056,B.A.(ECO),71,OPERATIONS,ANALYTICS
512,750,1,1057,B.com,76,ANALYTICS,MARKETING
591,957,4,1058,B.Com,90,MARKETING,HR
447,976,2,1059,B.Tech,74,HR,FINANCE
511,771,1,1060,B.Com,55,FINANCE,OPERATIONS
507,872,1,1061,B.B.A,81,OPERATIONS,ANALYTICS
311,801,3,1062,B.Com,70,ANALYTICS,MARKETING
371,753,0,1063,B.Pharm,71,MARKETING,HR
352,734,3,1064,BBM,80,HR,FINANCE
353,836,0,1065,B.B.A,50,FINANCE,OPERATIONS
355,726,2,1066,B.Tech,81,OPERATIONS,ANALYTICS
490,942,2,1067,B.Tech,86,ANALYTICS,MARKETING
564,714,5,1068,B.Tech,51,MARKETING,HR
468,814,0,1069,B.Pharm,74,HR,FINANCE
534,995,5,1070,B.Com,84,FINANCE,OPERATIONS
480,797,1,1071,B.Com,60,OPERATIONS,ANALYTICS
373,726,4,1072,B.Tech,84,ANALYTICS,MARKETING
416,878,5,1073,B.Tech,64,MARKETING,HR
333,716,4,1074,B.Tech,88,HR,FINANCE
501,749,0,1075,B.Tech,88,FINANCE,OPERATIONS
320,826,1,1076,B.com,74,OPERATIONS,ANALYTICS
